0,0,0,1.0,0.0
0,0,1,1.0,1.0
0,0,2,1.0,2.0
0,0,3,1.0,3.0
0,0,4,1.0,4.0
0,0,5,1.0,5.0
0,0,6,1.0,6.0
0,0,7,1.0,7.0
0,0,8,1.0,8.0
0,0,9,1.0,9.0
0,0,10,1.0,10.0
0,0,11,1.0,11.0
0,0,12,1.0,12.0
0,0,13,1.0,13.0
0,0,14,1.0,14.0
0,0,15,1.0,15.0
0,0,16,1.0,16.0
0,0,17,1.0,17.0
0,0,18,1.0,18.0
0,0,19,1.0,19.0
0,0,20,1.0,20.0
0,0,21,1.0,21.0
0,0,22,1.0,22.0
0,0,23,1.0,23.0
0,0,24,1.0,24.0
0,0,25,1.0,25.0
0,0,26,1.0,26.0
0,0,27,1.0,27.0
0,0,28,1.0,28.0
0,0,29,1.0,29.0
0,0,30,1.0,30.0
0,0,31,1.0,31.0
0,0,32,1.0,32.0
0,0,33,1.0,33.0
0,0,34,1.0,34.0
0,0,35,1.0,35.0
0,0,36,1.0,36.0
0,0,37,1.0,37.0
0,0,38,1.0,38.0
0,0,39,1.0,39.0
0,0,40,1.0,40.0
0,1,0,1.0,0.0
0,1,1,0.0,nan
0,1,2,0.0,nan
0,1,3,0.0,nan
0,1,4,0.0,nan
0,1,5,0.0,nan
0,1,6,0.0,nan
0,1,7,0.0,nan
0,1,8,0.0,nan
0,1,9,0.0,nan
0,1,10,0.0,nan
0,1,11,0.0,nan
0,1,12,0.0,nan
0,1,13,0.0,nan
0,1,14,0.0,nan
0,1,15,0.0,nan
0,1,16,0.0,nan
0,1,17,0.0,nan
0,1,18,0.0,nan
0,1,19,0.0,nan
0,1,20,0.0,nan
0,1,21,0.0,nan
0,1,22,0.0,nan
0,1,23,0.0,nan
0,1,24,0.0,nan
0,1,25,0.0,nan
0,1,26,0.0,nan
0,1,27,0.0,nan
0,1,28,0.0,nan
0,1,29,0.0,nan
0,1,30,0.0,nan
0,1,31,0.0,nan
0,1,32,0.0,nan
0,1,33,0.0,nan
0,1,34,0.0,nan
0,1,35,0.0,nan
0,1,36,0.0,nan
0,1,37,0.0,nan
0,1,38,0.0,nan
0,1,39,0.0,nan
0,1,40,0.0,nan
0,2,0,1.0,0.0
0,2,1,0.0,nan
0,2,2,0.0,nan
0,2,3,0.0,nan
0,2,4,0.0,nan
0,2,5,0.0,nan
0,2,6,0.0,nan
0,2,7,0.0,nan
0,2,8,0.0,nan
0,2,9,0.0,nan
0,2,10,0.0,nan
0,2,11,0.0,nan
0,2,12,0.0,nan
0,2,13,0.0,nan
0,2,14,0.0,nan
0,2,15,0.0,nan
0,2,16,0.0,nan
0,2,17,0.0,nan
0,2,18,0.0,nan
0,2,19,0.0,nan
0,2,20,0.0,nan
0,2,21,0.0,nan
0,2,22,0.0,nan
0,2,23,0.0,nan
0,2,24,0.0,nan
0,2,25,0.0,nan
0,2,26,0.0,nan
0,2,27,0.0,nan
0,2,28,0.0,nan
0,2,29,0.0,nan
0,2,30,0.0,nan
0,2,31,0.0,nan
0,2,32,0.0,nan
0,2,33,0.0,nan
0,2,34,0.0,nan
0,2,35,0.0,nan
0,2,36,0.0,nan
0,2,37,0.0,nan
0,2,38,0.0,nan
0,2,39,0.0,nan
0,2,40,0.0,nan
0,3,0,1.0,0.0
0,3,1,0.0,nan
0,3,2,0.0,nan
0,3,3,0.0,nan
0,3,4,0.0,nan
0,3,5,0.0,nan
0,3,6,0.0,nan
0,3,7,0.0,nan
0,3,8,0.0,nan
0,3,9,0.0,nan
0,3,10,0.0,nan
0,3,11,0.0,nan
0,3,12,0.0,nan
0,3,13,0.0,nan
0,3,14,0.0,nan
0,3,15,0.0,nan
0,3,16,0.0,nan
0,3,17,0.0,nan
0,3,18,0.0,nan
0,3,19,0.0,nan
0,3,20,0.0,nan
0,3,21,0.0,nan
0,3,22,0.0,nan
0,3,23,0.0,nan
0,3,24,0.0,nan
0,3,25,0.0,nan
0,3,26,0.0,nan
0,3,27,0.0,nan
0,3,28,0.0,nan
0,3,29,0.0,nan
0,3,30,0.0,nan
0,3,31,0.0,nan
0,3,32,0.0,nan
0,3,33,0.0,nan
0,3,34,0.0,nan
0,3,35,0.0,nan
0,3,36,0.0,nan
0,3,37,0.0,nan
0,3,38,0.0,nan
0,3,39,0.0,nan
0,3,40,0.0,nan
0,4,0,1.0,0.0
0,4,1,0.0,nan
0,4,2,0.0,nan
0,4,3,0.0,nan
0,4,4,0.0,nan
0,4,5,0.0,nan
0,4,6,0.0,nan
0,4,7,0.0,nan
0,4,8,0.0,nan
0,4,9,0.0,nan
0,4,10,0.0,nan
0,4,11,0.0,nan
0,4,12,0.0,nan
0,4,13,0.0,nan
0,4,14,0.0,nan
0,4,15,0.0,nan
0,4,16,0.0,nan
0,4,17,0.0,nan
0,4,18,0.0,nan
0,4,19,0.0,nan
0,4,20,0.0,nan
0,4,21,0.0,nan
0,4,22,0.0,nan
0,4,23,0.0,nan
0,4,24,0.0,nan
0,4,25,0.0,nan
0,4,26,0.0,nan
0,4,27,0.0,nan
0,4,28,0.0,nan
0,4,29,0.0,nan
0,4,30,0.0,nan
0,4,31,0.0,nan
0,4,32,0.0,nan
0,4,33,0.0,nan
0,4,34,0.0,nan
0,4,35,0.0,nan
0,4,36,0.0,nan
0,4,37,0.0,nan
0,4,38,0.0,nan
0,4,39,0.0,nan
0,4,40,0.0,nan
0,5,0,1.0,0.0
0,5,1,0.0,nan
0,5,2,0.0,nan
0,5,3,0.0,nan
0,5,4,0.0,nan
0,5,5,0.0,nan
0,5,6,0.0,nan
0,5,7,0.0,nan
0,5,8,0.0,nan
0,5,9,0.0,nan
0,5,10,0.0,nan
0,5,11,0.0,nan
0,5,12,0.0,nan
0,5,13,0.0,nan
0,5,14,0.0,nan
0,5,15,0.0,nan
0,5,16,0.0,nan
0,5,17,0.0,nan
0,5,18,0.0,nan
0,5,19,0.0,nan
0,5,20,0.0,nan
0,5,21,0.0,nan
0,5,22,0.0,nan
0,5,23,0.0,nan
0,5,24,0.0,nan
0,5,25,0.0,nan
0,5,26,0.0,nan
0,5,27,0.0,nan
0,5,28,0.0,nan
0,5,29,0.0,nan
0,5,30,0.0,nan
0,5,31,0.0,nan
0,5,32,0.0,nan
0,5,33,0.0,nan
0,5,34,0.0,nan
0,5,35,0.0,nan
0,5,36,0.0,nan
0,5,37,0.0,nan
0,5,38,0.0,nan
0,5,39,0.0,nan
0,5,40,0.0,nan
0,6,0,1.0,0.0
0,6,1,0.0,nan
0,6,2,0.0,nan
0,6,3,0.0,nan
0,6,4,0.0,nan
0,6,5,0.0,nan
0,6,6,0.0,nan
0,6,7,0.0,nan
0,6,8,0.0,nan
0,6,9,0.0,nan
0,6,10,0.0,nan
0,6,11,0.0,nan
0,6,12,0.0,nan
0,6,13,0.0,nan
0,6,14,0.0,nan
0,6,15,0.0,nan
0,6,16,0.0,nan
0,6,17,0.0,nan
0,6,18,0.0,nan
0,6,19,0.0,nan
0,6,20,0.0,nan
0,6,21,0.0,nan
0,6,22,0.0,nan
0,6,23,0.0,nan
0,6,24,0.0,nan
0,6,25,0.0,nan
0,6,26,0.0,nan
0,6,27,0.0,nan
0,6,28,0.0,nan
0,6,29,0.0,nan
0,6,30,0.0,nan
0,6,31,0.0,nan
0,6,32,0.0,nan
0,6,33,0.0,nan
0,6,34,0.0,nan
0,6,35,0.0,nan
0,6,36,0.0,nan
0,6,37,0.0,nan
0,6,38,0.0,nan
0,6,39,0.0,nan
0,6,40,0.0,nan
0,7,0,1.0,0.0
0,7,1,0.0,nan
0,7,2,0.0,nan
0,7,3,0.0,nan
0,7,4,0.0,nan
0,7,5,0.0,nan
0,7,6,0.0,nan
0,7,7,0.0,nan
0,7,8,0.0,nan
0,7,9,0.0,nan
0,7,10,0.0,nan
0,7,11,0.0,nan
0,7,12,0.0,nan
0,7,13,0.0,nan
0,7,14,0.0,nan
0,7,15,0.0,nan
0,7,16,0.0,nan
0,7,17,0.0,nan
0,7,18,0.0,nan
0,7,19,0.0,nan
0,7,20,0.0,nan
0,7,21,0.0,nan
0,7,22,0.0,nan
0,7,23,0.0,nan
0,7,24,0.0,nan
0,7,25,0.0,nan
0,7,26,0.0,nan
0,7,27,0.0,nan
0,7,28,0.0,nan
0,7,29,0.0,nan
0,7,30,0.0,nan
0,7,31,0.0,nan
0,7,32,0.0,nan
0,7,33,0.0,nan
0,7,34,0.0,nan
0,7,35,0.0,nan
0,7,36,0.0,nan
0,7,37,0.0,nan
0,7,38,0.0,nan
0,7,39,0.0,nan
0,7,40,0.0,nan
0,8,0,1.0,0.0
0,8,1,0.0,nan
0,8,2,0.0,nan
0,8,3,0.0,nan
0,8,4,0.0,nan
0,8,5,0.0,nan
0,8,6,0.0,nan
0,8,7,0.0,nan
0,8,8,0.0,nan
0,8,9,0.0,nan
0,8,10,0.0,nan
0,8,11,0.0,nan
0,8,12,0.0,nan
0,8,13,0.0,nan
0,8,14,0.0,nan
0,8,15,0.0,nan
0,8,16,0.0,nan
0,8,17,0.0,nan
0,8,18,0.0,nan
0,8,19,0.0,nan
0,8,20,0.0,nan
0,8,21,0.0,nan
0,8,22,0.0,nan
0,8,23,0.0,nan
0,8,24,0.0,nan
0,8,25,0.0,nan
0,8,26,0.0,nan
0,8,27,0.0,nan
0,8,28,0.0,nan
0,8,29,0.0,nan
0,8,30,0.0,nan
0,8,31,0.0,nan
0,8,32,0.0,nan
0,8,33,0.0,nan
0,8,34,0.0,nan
0,8,35,0.0,nan
0,8,36,0.0,nan
0,8,37,0.0,nan
0,8,38,0.0,nan
0,8,39,0.0,nan
0,8,40,0.0,nan
0,9,0,1.0,0.0
0,9,1,0.0,nan
0,9,2,0.0,nan
0,9,3,0.0,nan
0,9,4,0.0,nan
0,9,5,0.0,nan
0,9,6,0.0,nan
0,9,7,0.0,nan
0,9,8,0.0,nan
0,9,9,0.0,nan
0,9,10,0.0,nan
0,9,11,0.0,nan
0,9,12,0.0,nan
0,9,13,0.0,nan
0,9,14,0.0,nan
0,9,15,0.0,nan
0,9,16,0.0,nan
0,9,17,0.0,nan
0,9,18,0.0,nan
0,9,19,0.0,nan
0,9,20,0.0,nan
0,9,21,0.0,nan
0,9,22,0.0,nan
0,9,23,0.0,nan
0,9,24,0.0,nan
0,9,25,0.0,nan
0,9,26,0.0,nan
0,9,27,0.0,nan
0,9,28,0.0,nan
0,9,29,0.0,nan
0,9,30,0.0,nan
0,9,31,0.0,nan
0,9,32,0.0,nan
0,9,33,0.0,nan
0,9,34,0.0,nan
0,9,35,0.0,nan
0,9,36,0.0,nan
0,9,37,0.0,nan
0,9,38,0.0,nan
0,9,39,0.0,nan
0,9,40,0.0,nan
0,10,0,1.0,0.0
0,10,1,0.0,nan
0,10,2,0.0,nan
0,10,3,0.0,nan
0,10,4,0.0,nan
0,10,5,0.0,nan
0,10,6,0.0,nan
0,10,7,0.0,nan
0,10,8,0.0,nan
0,10,9,0.0,nan
0,10,10,0.0,nan
0,10,11,0.0,nan
0,10,12,0.0,nan
0,10,13,0.0,nan
0,10,14,0.0,nan
0,10,15,0.0,nan
0,10,16,0.0,nan
0,10,17,0.0,nan
0,10,18,0.0,nan
0,10,19,0.0,nan
0,10,20,0.0,nan
0,10,21,0.0,nan
0,10,22,0.0,nan
0,10,23,0.0,nan
0,10,24,0.0,nan
0,10,25,0.0,nan
0,10,26,0.0,nan
0,10,27,0.0,nan
0,10,28,0.0,nan
0,10,29,0.0,nan
0,10,30,0.0,nan
0,10,31,0.0,nan
0,10,32,0.0,nan
0,10,33,0.0,nan
0,10,34,0.0,nan
0,10,35,0.0,nan
0,10,36,0.0,nan
0,10,37,0.0,nan
0,10,38,0.0,nan
0,10,39,0.0,nan
0,10,40,0.0,nan
1,0,0,0.0,nan
1,0,1,0.0,nan
1,0,2,0.0,nan
1,0,3,0.0,nan
1,0,4,0.0,nan
1,0,5,0.0,nan
1,0,6,0.0,nan
1,0,7,0.0,nan
1,0,8,0.0,nan
1,0,9,0.0,nan
1,0,10,0.0,nan
1,0,11,0.0,nan
1,0,12,0.0,nan
1,0,13,0.0,nan
1,0,14,0.0,nan
1,0,15,0.0,nan
1,0,16,0.0,nan
1,0,17,0.0,nan
1,0,18,0.0,nan
1,0,19,0.0,nan
1,0,20,0.0,nan
1,0,21,0.0,nan
1,0,22,0.0,nan
1,0,23,0.0,nan
1,0,24,0.0,nan
1,0,25,0.0,nan
1,0,26,0.0,nan
1,0,27,0.0,nan
1,0,28,0.0,nan
1,0,29,0.0,nan
1,0,30,0.0,nan
1,0,31,0.0,nan
1,0,32,0.0,nan
1,0,33,0.0,nan
1,0,34,0.0,nan
1,0,35,0.0,nan
1,0,36,0.0,nan
1,0,37,0.0,nan
1,0,38,0.0,nan
1,0,39,0.0,nan
1,0,40,0.0,nan
1,1,0,0.0,nan
1,1,1,1.0,0.0
1,1,2,1.0,1.0
1,1,3,1.0,2.0
1,1,4,1.0,3.0
1,1,5,1.0,4.0
1,1,6,1.0,5.0
1,1,7,1.0,6.0
1,1,8,1.0,7.0
1,1,9,1.0,8.0
1,1,10,1.0,9.0
1,1,11,1.0,10.0
1,1,12,1.0,11.0
1,1,13,1.0,12.0
1,1,14,1.0,13.0
1,1,15,1.0,14.0
1,1,16,1.0,15.0
1,1,17,1.0,16.0
1,1,18,1.0,17.0
1,1,19,1.0,18.0
1,1,20,1.0,19.0
1,1,21,1.0,20.0
1,1,22,1.0,21.0
1,1,23,1.0,22.0
1,1,24,1.0,23.0
1,1,25,1.0,24.0
1,1,26,1.0,25.0
1,1,27,1.0,26.0
1,1,28,1.0,27.0
1,1,29,1.0,28.0
1,1,30,1.0,29.0
1,1,31,1.0,30.0
1,1,32,1.0,31.0
1,1,33,1.0,32.0
1,1,34,1.0,33.0
1,1,35,1.0,34.0
1,1,36,1.0,35.0
1,1,37,1.0,36.0
1,1,38,1.0,37.0
1,1,39,1.0,38.0
1,1,40,1.0,39.0
1,2,0,0.0,nan
1,2,1,1.0,0.0
1,2,2,0.0,nan
1,2,3,0.0,nan
1,2,4,0.0,nan
1,2,5,0.0,nan
1,2,6,0.0,nan
1,2,7,0.0,nan
1,2,8,0.0,nan
1,2,9,0.0,nan
1,2,10,0.0,nan
1,2,11,0.0,nan
1,2,12,0.0,nan
1,2,13,0.0,nan
1,2,14,0.0,nan
1,2,15,0.0,nan
1,2,16,0.0,nan
1,2,17,0.0,nan
1,2,18,0.0,nan
1,2,19,0.0,nan
1,2,20,0.0,nan
1,2,21,0.0,nan
1,2,22,0.0,nan
1,2,23,0.0,nan
1,2,24,0.0,nan
1,2,25,0.0,nan
1,2,26,0.0,nan
1,2,27,0.0,nan
1,2,28,0.0,nan
1,2,29,0.0,nan
1,2,30,0.0,nan
1,2,31,0.0,nan
1,2,32,0.0,nan
1,2,33,0.0,nan
1,2,34,0.0,nan
1,2,35,0.0,nan
1,2,36,0.0,nan
1,2,37,0.0,nan
1,2,38,0.0,nan
1,2,39,0.0,nan
1,2,40,0.0,nan
1,3,0,0.0,nan
1,3,1,1.0,0.0
1,3,2,0.0,nan
1,3,3,0.0,nan
1,3,4,0.0,nan
1,3,5,0.0,nan
1,3,6,0.0,nan
1,3,7,0.0,nan
1,3,8,0.0,nan
1,3,9,0.0,nan
1,3,10,0.0,nan
1,3,11,0.0,nan
1,3,12,0.0,nan
1,3,13,0.0,nan
1,3,14,0.0,nan
1,3,15,0.0,nan
1,3,16,0.0,nan
1,3,17,0.0,nan
1,3,18,0.0,nan
1,3,19,0.0,nan
1,3,20,0.0,nan
1,3,21,0.0,nan
1,3,22,0.0,nan
1,3,23,0.0,nan
1,3,24,0.0,nan
1,3,25,0.0,nan
1,3,26,0.0,nan
1,3,27,0.0,nan
1,3,28,0.0,nan
1,3,29,0.0,nan
1,3,30,0.0,nan
1,3,31,0.0,nan
1,3,32,0.0,nan
1,3,33,0.0,nan
1,3,34,0.0,nan
1,3,35,0.0,nan
1,3,36,0.0,nan
1,3,37,0.0,nan
1,3,38,0.0,nan
1,3,39,0.0,nan
1,3,40,0.0,nan
1,4,0,0.0,nan
1,4,1,1.0,0.0
1,4,2,0.0,nan
1,4,3,0.0,nan
1,4,4,0.0,nan
1,4,5,0.0,nan
1,4,6,0.0,nan
1,4,7,0.0,nan
1,4,8,0.0,nan
1,4,9,0.0,nan
1,4,10,0.0,nan
1,4,11,0.0,nan
1,4,12,0.0,nan
1,4,13,0.0,nan
1,4,14,0.0,nan
1,4,15,0.0,nan
1,4,16,0.0,nan
1,4,17,0.0,nan
1,4,18,0.0,nan
1,4,19,0.0,nan
1,4,20,0.0,nan
1,4,21,0.0,nan
1,4,22,0.0,nan
1,4,23,0.0,nan
1,4,24,0.0,nan
1,4,25,0.0,nan
1,4,26,0.0,nan
1,4,27,0.0,nan
1,4,28,0.0,nan
1,4,29,0.0,nan
1,4,30,0.0,nan
1,4,31,0.0,nan
1,4,32,0.0,nan
1,4,33,0.0,nan
1,4,34,0.0,nan
1,4,35,0.0,nan
1,4,36,0.0,nan
1,4,37,0.0,nan
1,4,38,0.0,nan
1,4,39,0.0,nan
1,4,40,0.0,nan
1,5,0,0.0,nan
1,5,1,1.0,0.0
1,5,2,0.0,nan
1,5,3,0.0,nan
1,5,4,0.0,nan
1,5,5,0.0,nan
1,5,6,0.0,nan
1,5,7,0.0,nan
1,5,8,0.0,nan
1,5,9,0.0,nan
1,5,10,0.0,nan
1,5,11,0.0,nan
1,5,12,0.0,nan
1,5,13,0.0,nan
1,5,14,0.0,nan
1,5,15,0.0,nan
1,5,16,0.0,nan
1,5,17,0.0,nan
1,5,18,0.0,nan
1,5,19,0.0,nan
1,5,20,0.0,nan
1,5,21,0.0,nan
1,5,22,0.0,nan
1,5,23,0.0,nan
1,5,24,0.0,nan
1,5,25,0.0,nan
1,5,26,0.0,nan
1,5,27,0.0,nan
1,5,28,0.0,nan
1,5,29,0.0,nan
1,5,30,0.0,nan
1,5,31,0.0,nan
1,5,32,0.0,nan
1,5,33,0.0,nan
1,5,34,0.0,nan
1,5,35,0.0,nan
1,5,36,0.0,nan
1,5,37,0.0,nan
1,5,38,0.0,nan
1,5,39,0.0,nan
1,5,40,0.0,nan
1,6,0,0.0,nan
1,6,1,1.0,0.0
1,6,2,0.0,nan
1,6,3,0.0,nan
1,6,4,0.0,nan
1,6,5,0.0,nan
1,6,6,0.0,nan
1,6,7,0.0,nan
1,6,8,0.0,nan
1,6,9,0.0,nan
1,6,10,0.0,nan
1,6,11,0.0,nan
1,6,12,0.0,nan
1,6,13,0.0,nan
1,6,14,0.0,nan
1,6,15,0.0,nan
1,6,16,0.0,nan
1,6,17,0.0,nan
1,6,18,0.0,nan
1,6,19,0.0,nan
1,6,20,0.0,nan
1,6,21,0.0,nan
1,6,22,0.0,nan
1,6,23,0.0,nan
1,6,24,0.0,nan
1,6,25,0.0,nan
1,6,26,0.0,nan
1,6,27,0.0,nan
1,6,28,0.0,nan
1,6,29,0.0,nan
1,6,30,0.0,nan
1,6,31,0.0,nan
1,6,32,0.0,nan
1,6,33,0.0,nan
1,6,34,0.0,nan
1,6,35,0.0,nan
1,6,36,0.0,nan
1,6,37,0.0,nan
1,6,38,0.0,nan
1,6,39,0.0,nan
1,6,40,0.0,nan
1,7,0,0.0,nan
1,7,1,1.0,0.0
1,7,2,0.0,nan
1,7,3,0.0,nan
1,7,4,0.0,nan
1,7,5,0.0,nan
1,7,6,0.0,nan
1,7,7,0.0,nan
1,7,8,0.0,nan
1,7,9,0.0,nan
1,7,10,0.0,nan
1,7,11,0.0,nan
1,7,12,0.0,nan
1,7,13,0.0,nan
1,7,14,0.0,nan
1,7,15,0.0,nan
1,7,16,0.0,nan
1,7,17,0.0,nan
1,7,18,0.0,nan
1,7,19,0.0,nan
1,7,20,0.0,nan
1,7,21,0.0,nan
1,7,22,0.0,nan
1,7,23,0.0,nan
1,7,24,0.0,nan
1,7,25,0.0,nan
1,7,26,0.0,nan
1,7,27,0.0,nan
1,7,28,0.0,nan
1,7,29,0.0,nan
1,7,30,0.0,nan
1,7,31,0.0,nan
1,7,32,0.0,nan
1,7,33,0.0,nan
1,7,34,0.0,nan
1,7,35,0.0,nan
1,7,36,0.0,nan
1,7,37,0.0,nan
1,7,38,0.0,nan
1,7,39,0.0,nan
1,7,40,0.0,nan
1,8,0,0.0,nan
1,8,1,1.0,0.0
1,8,2,0.0,nan
1,8,3,0.0,nan
1,8,4,0.0,nan
1,8,5,0.0,nan
1,8,6,0.0,nan
1,8,7,0.0,nan
1,8,8,0.0,nan
1,8,9,0.0,nan
1,8,10,0.0,nan
1,8,11,0.0,nan
1,8,12,0.0,nan
1,8,13,0.0,nan
1,8,14,0.0,nan
1,8,15,0.0,nan
1,8,16,0.0,nan
1,8,17,0.0,nan
1,8,18,0.0,nan
1,8,19,0.0,nan
1,8,20,0.0,nan
1,8,21,0.0,nan
1,8,22,0.0,nan
1,8,23,0.0,nan
1,8,24,0.0,nan
1,8,25,0.0,nan
1,8,26,0.0,nan
1,8,27,0.0,nan
1,8,28,0.0,nan
1,8,29,0.0,nan
1,8,30,0.0,nan
1,8,31,0.0,nan
1,8,32,0.0,nan
1,8,33,0.0,nan
1,8,34,0.0,nan
1,8,35,0.0,nan
1,8,36,0.0,nan
1,8,37,0.0,nan
1,8,38,0.0,nan
1,8,39,0.0,nan
1,8,40,0.0,nan
1,9,0,0.0,nan
1,9,1,1.0,0.0
1,9,2,0.0,nan
1,9,3,0.0,nan
1,9,4,0.0,nan
1,9,5,0.0,nan
1,9,6,0.0,nan
1,9,7,0.0,nan
1,9,8,0.0,nan
1,9,9,0.0,nan
1,9,10,0.0,nan
1,9,11,0.0,nan
1,9,12,0.0,nan
1,9,13,0.0,nan
1,9,14,0.0,nan
1,9,15,0.0,nan
1,9,16,0.0,nan
1,9,17,0.0,nan
1,9,18,0.0,nan
1,9,19,0.0,nan
1,9,20,0.0,nan
1,9,21,0.0,nan
1,9,22,0.0,nan
1,9,23,0.0,nan
1,9,24,0.0,nan
1,9,25,0.0,nan
1,9,26,0.0,nan
1,9,27,0.0,nan
1,9,28,0.0,nan
1,9,29,0.0,nan
1,9,30,0.0,nan
1,9,31,0.0,nan
1,9,32,0.0,nan
1,9,33,0.0,nan
1,9,34,0.0,nan
1,9,35,0.0,nan
1,9,36,0.0,nan
1,9,37,0.0,nan
1,9,38,0.0,nan
1,9,39,0.0,nan
1,9,40,0.0,nan
1,10,0,0.0,nan
1,10,1,1.0,0.0
1,10,2,0.0,nan
1,10,3,0.0,nan
1,10,4,0.0,nan
1,10,5,0.0,nan
1,10,6,0.0,nan
1,10,7,0.0,nan
1,10,8,0.0,nan
1,10,9,0.0,nan
1,10,10,0.0,nan
1,10,11,0.0,nan
1,10,12,0.0,nan
1,10,13,0.0,nan
1,10,14,0.0,nan
1,10,15,0.0,nan
1,10,16,0.0,nan
1,10,17,0.0,nan
1,10,18,0.0,nan
1,10,19,0.0,nan
1,10,20,0.0,nan
1,10,21,0.0,nan
1,10,22,0.0,nan
1,10,23,0.0,nan
1,10,24,0.0,nan
1,10,25,0.0,nan
1,10,26,0.0,nan
1,10,27,0.0,nan
1,10,28,0.0,nan
1,10,29,0.0,nan
1,10,30,0.0,nan
1,10,31,0.0,nan
1,10,32,0.0,nan
1,10,33,0.0,nan
1,10,34,0.0,nan
1,10,35,0.0,nan
1,10,36,0.0,nan
1,10,37,0.0,nan
1,10,38,0.0,nan
1,10,39,0.0,nan
1,10,40,0.0,nan
2,0,0,0.0,nan
2,0,1,0.0,nan
2,0,2,0.0,nan
2,0,3,0.0,nan
2,0,4,0.0,nan
2,0,5,0.0,nan
2,0,6,0.0,nan
2,0,7,0.0,nan
2,0,8,0.0,nan
2,0,9,0.0,nan
2,0,10,0.0,nan
2,0,11,0.0,nan
2,0,12,0.0,nan
2,0,13,0.0,nan
2,0,14,0.0,nan
2,0,15,0.0,nan
2,0,16,0.0,nan
2,0,17,0.0,nan
2,0,18,0.0,nan
2,0,19,0.0,nan
2,0,20,0.0,nan
2,0,21,0.0,nan
2,0,22,0.0,nan
2,0,23,0.0,nan
2,0,24,0.0,nan
2,0,25,0.0,nan
2,0,26,0.0,nan
2,0,27,0.0,nan
2,0,28,0.0,nan
2,0,29,0.0,nan
2,0,30,0.0,nan
2,0,31,0.0,nan
2,0,32,0.0,nan
2,0,33,0.0,nan
2,0,34,0.0,nan
2,0,35,0.0,nan
2,0,36,0.0,nan
2,0,37,0.0,nan
2,0,38,0.0,nan
2,0,39,0.0,nan
2,0,40,0.0,nan
2,1,0,0.0,nan
2,1,1,0.0,nan
2,1,2,0.0,nan
2,1,3,0.0,nan
2,1,4,0.0,nan
2,1,5,0.0,nan
2,1,6,0.0,nan
2,1,7,0.0,nan
2,1,8,0.0,nan
2,1,9,0.0,nan
2,1,10,0.0,nan
2,1,11,0.0,nan
2,1,12,0.0,nan
2,1,13,0.0,nan
2,1,14,0.0,nan
2,1,15,0.0,nan
2,1,16,0.0,nan
2,1,17,0.0,nan
2,1,18,0.0,nan
2,1,19,0.0,nan
2,1,20,0.0,nan
2,1,21,0.0,nan
2,1,22,0.0,nan
2,1,23,0.0,nan
2,1,24,0.0,nan
2,1,25,0.0,nan
2,1,26,0.0,nan
2,1,27,0.0,nan
2,1,28,0.0,nan
2,1,29,0.0,nan
2,1,30,0.0,nan
2,1,31,0.0,nan
2,1,32,0.0,nan
2,1,33,0.0,nan
2,1,34,0.0,nan
2,1,35,0.0,nan
2,1,36,0.0,nan
2,1,37,0.0,nan
2,1,38,0.0,nan
2,1,39,0.0,nan
2,1,40,0.0,nan
2,2,0,0.0,nan
2,2,1,0.0,nan
2,2,2,1.0,0.0
2,2,3,1.0,1.0
2,2,4,1.0,2.0
2,2,5,1.0,3.0
2,2,6,1.0,4.0
2,2,7,1.0,5.0
2,2,8,1.0,6.0
2,2,9,1.0,7.0
2,2,10,1.0,8.0
2,2,11,1.0,9.0
2,2,12,1.0,10.0
2,2,13,1.0,11.0
2,2,14,1.0,12.0
2,2,15,1.0,13.0
2,2,16,1.0,14.0
2,2,17,1.0,15.0
2,2,18,1.0,16.0
2,2,19,1.0,17.0
2,2,20,1.0,18.0
2,2,21,1.0,19.0
2,2,22,1.0,20.0
2,2,23,1.0,21.0
2,2,24,1.0,22.0
2,2,25,1.0,23.0
2,2,26,1.0,24.0
2,2,27,1.0,25.0
2,2,28,1.0,26.0
2,2,29,1.0,27.0
2,2,30,1.0,28.0
2,2,31,1.0,29.0
2,2,32,1.0,30.0
2,2,33,1.0,31.0
2,2,34,1.0,32.0
2,2,35,1.0,33.0
2,2,36,1.0,34.0
2,2,37,1.0,35.0
2,2,38,1.0,36.0
2,2,39,1.0,37.0
2,2,40,1.0,38.0
2,3,0,0.0,nan
2,3,1,0.0,nan
2,3,2,1.0,0.0
2,3,3,0.0,nan
2,3,4,0.0,nan
2,3,5,0.0,nan
2,3,6,0.0,nan
2,3,7,0.0,nan
2,3,8,0.0,nan
2,3,9,0.0,nan
2,3,10,0.0,nan
2,3,11,0.0,nan
2,3,12,0.0,nan
2,3,13,0.0,nan
2,3,14,0.0,nan
2,3,15,0.0,nan
2,3,16,0.0,nan
2,3,17,0.0,nan
2,3,18,0.0,nan
2,3,19,0.0,nan
2,3,20,0.0,nan
2,3,21,0.0,nan
2,3,22,0.0,nan
2,3,23,0.0,nan
2,3,24,0.0,nan
2,3,25,0.0,nan
2,3,26,0.0,nan
2,3,27,0.0,nan
2,3,28,0.0,nan
2,3,29,0.0,nan
2,3,30,0.0,nan
2,3,31,0.0,nan
2,3,32,0.0,nan
2,3,33,0.0,nan
2,3,34,0.0,nan
2,3,35,0.0,nan
2,3,36,0.0,nan
2,3,37,0.0,nan
2,3,38,0.0,nan
2,3,39,0.0,nan
2,3,40,0.0,nan
2,4,0,0.0,nan
2,4,1,0.0,nan
2,4,2,1.0,0.0
2,4,3,0.0,nan
2,4,4,0.0,nan
2,4,5,0.0,nan
2,4,6,0.0,nan
2,4,7,0.0,nan
2,4,8,0.0,nan
2,4,9,0.0,nan
2,4,10,0.0,nan
2,4,11,0.0,nan
2,4,12,0.0,nan
2,4,13,0.0,nan
2,4,14,0.0,nan
2,4,15,0.0,nan
2,4,16,0.0,nan
2,4,17,0.0,nan
2,4,18,0.0,nan
2,4,19,0.0,nan
2,4,20,0.0,nan
2,4,21,0.0,nan
2,4,22,0.0,nan
2,4,23,0.0,nan
2,4,24,0.0,nan
2,4,25,0.0,nan
2,4,26,0.0,nan
2,4,27,0.0,nan
2,4,28,0.0,nan
2,4,29,0.0,nan
2,4,30,0.0,nan
2,4,31,0.0,nan
2,4,32,0.0,nan
2,4,33,0.0,nan
2,4,34,0.0,nan
2,4,35,0.0,nan
2,4,36,0.0,nan
2,4,37,0.0,nan
2,4,38,0.0,nan
2,4,39,0.0,nan
2,4,40,0.0,nan
2,5,0,0.0,nan
2,5,1,0.0,nan
2,5,2,1.0,0.0
2,5,3,0.0,nan
2,5,4,0.0,nan
2,5,5,0.0,nan
2,5,6,0.0,nan
2,5,7,0.0,nan
2,5,8,0.0,nan
2,5,9,0.0,nan
2,5,10,0.0,nan
2,5,11,0.0,nan
2,5,12,0.0,nan
2,5,13,0.0,nan
2,5,14,0.0,nan
2,5,15,0.0,nan
2,5,16,0.0,nan
2,5,17,0.0,nan
2,5,18,0.0,nan
2,5,19,0.0,nan
2,5,20,0.0,nan
2,5,21,0.0,nan
2,5,22,0.0,nan
2,5,23,0.0,nan
2,5,24,0.0,nan
2,5,25,0.0,nan
2,5,26,0.0,nan
2,5,27,0.0,nan
2,5,28,0.0,nan
2,5,29,0.0,nan
2,5,30,0.0,nan
2,5,31,0.0,nan
2,5,32,0.0,nan
2,5,33,0.0,nan
2,5,34,0.0,nan
2,5,35,0.0,nan
2,5,36,0.0,nan
2,5,37,0.0,nan
2,5,38,0.0,nan
2,5,39,0.0,nan
2,5,40,0.0,nan
2,6,0,0.0,nan
2,6,1,0.0,nan
2,6,2,1.0,0.0
2,6,3,0.0,nan
2,6,4,0.0,nan
2,6,5,0.0,nan
2,6,6,0.0,nan
2,6,7,0.0,nan
2,6,8,0.0,nan
2,6,9,0.0,nan
2,6,10,0.0,nan
2,6,11,0.0,nan
2,6,12,0.0,nan
2,6,13,0.0,nan
2,6,14,0.0,nan
2,6,15,0.0,nan
2,6,16,0.0,nan
2,6,17,0.0,nan
2,6,18,0.0,nan
2,6,19,0.0,nan
2,6,20,0.0,nan
2,6,21,0.0,nan
2,6,22,0.0,nan
2,6,23,0.0,nan
2,6,24,0.0,nan
2,6,25,0.0,nan
2,6,26,0.0,nan
2,6,27,0.0,nan
2,6,28,0.0,nan
2,6,29,0.0,nan
2,6,30,0.0,nan
2,6,31,0.0,nan
2,6,32,0.0,nan
2,6,33,0.0,nan
2,6,34,0.0,nan
2,6,35,0.0,nan
2,6,36,0.0,nan
2,6,37,0.0,nan
2,6,38,0.0,nan
2,6,39,0.0,nan
2,6,40,0.0,nan
2,7,0,0.0,nan
2,7,1,0.0,nan
2,7,2,1.0,0.0
2,7,3,0.0,nan
2,7,4,0.0,nan
2,7,5,0.0,nan
2,7,6,0.0,nan
2,7,7,0.0,nan
2,7,8,0.0,nan
2,7,9,0.0,nan
2,7,10,0.0,nan
2,7,11,0.0,nan
2,7,12,0.0,nan
2,7,13,0.0,nan
2,7,14,0.0,nan
2,7,15,0.0,nan
2,7,16,0.0,nan
2,7,17,0.0,nan
2,7,18,0.0,nan
2,7,19,0.0,nan
2,7,20,0.0,nan
2,7,21,0.0,nan
2,7,22,0.0,nan
2,7,23,0.0,nan
2,7,24,0.0,nan
2,7,25,0.0,nan
2,7,26,0.0,nan
2,7,27,0.0,nan
2,7,28,0.0,nan
2,7,29,0.0,nan
2,7,30,0.0,nan
2,7,31,0.0,nan
2,7,32,0.0,nan
2,7,33,0.0,nan
2,7,34,0.0,nan
2,7,35,0.0,nan
2,7,36,0.0,nan
2,7,37,0.0,nan
2,7,38,0.0,nan
2,7,39,0.0,nan
2,7,40,0.0,nan
2,8,0,0.0,nan
2,8,1,0.0,nan
2,8,2,1.0,0.0
2,8,3,0.0,nan
2,8,4,0.0,nan
2,8,5,0.0,nan
2,8,6,0.0,nan
2,8,7,0.0,nan
2,8,8,0.0,nan
2,8,9,0.0,nan
2,8,10,0.0,nan
2,8,11,0.0,nan
2,8,12,0.0,nan
2,8,13,0.0,nan
2,8,14,0.0,nan
2,8,15,0.0,nan
2,8,16,0.0,nan
2,8,17,0.0,nan
2,8,18,0.0,nan
2,8,19,0.0,nan
2,8,20,0.0,nan
2,8,21,0.0,nan
2,8,22,0.0,nan
2,8,23,0.0,nan
2,8,24,0.0,nan
2,8,25,0.0,nan
2,8,26,0.0,nan
2,8,27,0.0,nan
2,8,28,0.0,nan
2,8,29,0.0,nan
2,8,30,0.0,nan
2,8,31,0.0,nan
2,8,32,0.0,nan
2,8,33,0.0,nan
2,8,34,0.0,nan
2,8,35,0.0,nan
2,8,36,0.0,nan
2,8,37,0.0,nan
2,8,38,0.0,nan
2,8,39,0.0,nan
2,8,40,0.0,nan
2,9,0,0.0,nan
2,9,1,0.0,nan
2,9,2,1.0,0.0
2,9,3,0.0,nan
2,9,4,0.0,nan
2,9,5,0.0,nan
2,9,6,0.0,nan
2,9,7,0.0,nan
2,9,8,0.0,nan
2,9,9,0.0,nan
2,9,10,0.0,nan
2,9,11,0.0,nan
2,9,12,0.0,nan
2,9,13,0.0,nan
2,9,14,0.0,nan
2,9,15,0.0,nan
2,9,16,0.0,nan
2,9,17,0.0,nan
2,9,18,0.0,nan
2,9,19,0.0,nan
2,9,20,0.0,nan
2,9,21,0.0,nan
2,9,22,0.0,nan
2,9,23,0.0,nan
2,9,24,0.0,nan
2,9,25,0.0,nan
2,9,26,0.0,nan
2,9,27,0.0,nan
2,9,28,0.0,nan
2,9,29,0.0,nan
2,9,30,0.0,nan
2,9,31,0.0,nan
2,9,32,0.0,nan
2,9,33,0.0,nan
2,9,34,0.0,nan
2,9,35,0.0,nan
2,9,36,0.0,nan
2,9,37,0.0,nan
2,9,38,0.0,nan
2,9,39,0.0,nan
2,9,40,0.0,nan
2,10,0,0.0,nan
2,10,1,0.0,nan
2,10,2,1.0,0.0
2,10,3,0.0,nan
2,10,4,0.0,nan
2,10,5,0.0,nan
2,10,6,0.0,nan
2,10,7,0.0,nan
2,10,8,0.0,nan
2,10,9,0.0,nan
2,10,10,0.0,nan
2,10,11,0.0,nan
2,10,12,0.0,nan
2,10,13,0.0,nan
2,10,14,0.0,nan
2,10,15,0.0,nan
2,10,16,0.0,nan
2,10,17,0.0,nan
2,10,18,0.0,nan
2,10,19,0.0,nan
2,10,20,0.0,nan
2,10,21,0.0,nan
2,10,22,0.0,nan
2,10,23,0.0,nan
2,10,24,0.0,nan
2,10,25,0.0,nan
2,10,26,0.0,nan
2,10,27,0.0,nan
2,10,28,0.0,nan
2,10,29,0.0,nan
2,10,30,0.0,nan
2,10,31,0.0,nan
2,10,32,0.0,nan
2,10,33,0.0,nan
2,10,34,0.0,nan
2,10,35,0.0,nan
2,10,36,0.0,nan
2,10,37,0.0,nan
2,10,38,0.0,nan
2,10,39,0.0,nan
2,10,40,0.0,nan
3,0,0,0.0,nan
3,0,1,0.0,nan
3,0,2,0.0,nan
3,0,3,0.0,nan
3,0,4,0.0,nan
3,0,5,0.0,nan
3,0,6,0.0,nan
3,0,7,0.0,nan
3,0,8,0.0,nan
3,0,9,0.0,nan
3,0,10,0.0,nan
3,0,11,0.0,nan
3,0,12,0.0,nan
3,0,13,0.0,nan
3,0,14,0.0,nan
3,0,15,0.0,nan
3,0,16,0.0,nan
3,0,17,0.0,nan
3,0,18,0.0,nan
3,0,19,0.0,nan
3,0,20,0.0,nan
3,0,21,0.0,nan
3,0,22,0.0,nan
3,0,23,0.0,nan
3,0,24,0.0,nan
3,0,25,0.0,nan
3,0,26,0.0,nan
3,0,27,0.0,nan
3,0,28,0.0,nan
3,0,29,0.0,nan
3,0,30,0.0,nan
3,0,31,0.0,nan
3,0,32,0.0,nan
3,0,33,0.0,nan
3,0,34,0.0,nan
3,0,35,0.0,nan
3,0,36,0.0,nan
3,0,37,0.0,nan
3,0,38,0.0,nan
3,0,39,0.0,nan
3,0,40,0.0,nan
3,1,0,0.0,nan
3,1,1,0.0,nan
3,1,2,0.0,nan
3,1,3,0.0,nan
3,1,4,0.0,nan
3,1,5,0.0,nan
3,1,6,0.0,nan
3,1,7,0.0,nan
3,1,8,0.0,nan
3,1,9,0.0,nan
3,1,10,0.0,nan
3,1,11,0.0,nan
3,1,12,0.0,nan
3,1,13,0.0,nan
3,1,14,0.0,nan
3,1,15,0.0,nan
3,1,16,0.0,nan
3,1,17,0.0,nan
3,1,18,0.0,nan
3,1,19,0.0,nan
3,1,20,0.0,nan
3,1,21,0.0,nan
3,1,22,0.0,nan
3,1,23,0.0,nan
3,1,24,0.0,nan
3,1,25,0.0,nan
3,1,26,0.0,nan
3,1,27,0.0,nan
3,1,28,0.0,nan
3,1,29,0.0,nan
3,1,30,0.0,nan
3,1,31,0.0,nan
3,1,32,0.0,nan
3,1,33,0.0,nan
3,1,34,0.0,nan
3,1,35,0.0,nan
3,1,36,0.0,nan
3,1,37,0.0,nan
3,1,38,0.0,nan
3,1,39,0.0,nan
3,1,40,0.0,nan
3,2,0,0.0,nan
3,2,1,0.0,nan
3,2,2,0.0,nan
3,2,3,0.0,nan
3,2,4,0.0,nan
3,2,5,0.0,nan
3,2,6,0.0,nan
3,2,7,0.0,nan
3,2,8,0.0,nan
3,2,9,0.0,nan
3,2,10,0.0,nan
3,2,11,0.0,nan
3,2,12,0.0,nan
3,2,13,0.0,nan
3,2,14,0.0,nan
3,2,15,0.0,nan
3,2,16,0.0,nan
3,2,17,0.0,nan
3,2,18,0.0,nan
3,2,19,0.0,nan
3,2,20,0.0,nan
3,2,21,0.0,nan
3,2,22,0.0,nan
3,2,23,0.0,nan
3,2,24,0.0,nan
3,2,25,0.0,nan
3,2,26,0.0,nan
3,2,27,0.0,nan
3,2,28,0.0,nan
3,2,29,0.0,nan
3,2,30,0.0,nan
3,2,31,0.0,nan
3,2,32,0.0,nan
3,2,33,0.0,nan
3,2,34,0.0,nan
3,2,35,0.0,nan
3,2,36,0.0,nan
3,2,37,0.0,nan
3,2,38,0.0,nan
3,2,39,0.0,nan
3,2,40,0.0,nan
3,3,0,0.0,nan
3,3,1,0.0,nan
3,3,2,0.0,nan
3,3,3,1.0,0.0
3,3,4,1.0,1.0
3,3,5,1.0,2.0
3,3,6,1.0,3.0
3,3,7,1.0,4.0
3,3,8,1.0,5.0
3,3,9,1.0,6.0
3,3,10,1.0,7.0
3,3,11,1.0,8.0
3,3,12,1.0,9.0
3,3,13,1.0,10.0
3,3,14,1.0,11.0
3,3,15,1.0,12.0
3,3,16,1.0,13.0
3,3,17,1.0,14.0
3,3,18,1.0,15.0
3,3,19,1.0,16.0
3,3,20,1.0,17.0
3,3,21,1.0,18.0
3,3,22,1.0,19.0
3,3,23,1.0,20.0
3,3,24,1.0,21.0
3,3,25,1.0,22.0
3,3,26,1.0,23.0
3,3,27,1.0,24.0
3,3,28,1.0,25.0
3,3,29,1.0,26.0
3,3,30,1.0,27.0
3,3,31,1.0,28.0
3,3,32,1.0,29.0
3,3,33,1.0,30.0
3,3,34,1.0,31.0
3,3,35,1.0,32.0
3,3,36,1.0,33.0
3,3,37,1.0,34.0
3,3,38,1.0,35.0
3,3,39,1.0,36.0
3,3,40,1.0,37.0
3,4,0,0.0,nan
3,4,1,0.0,nan
3,4,2,0.0,nan
3,4,3,1.0,0.0
3,4,4,0.0,nan
3,4,5,0.0,nan
3,4,6,0.0,nan
3,4,7,0.0,nan
3,4,8,0.0,nan
3,4,9,0.0,nan
3,4,10,0.0,nan
3,4,11,0.0,nan
3,4,12,0.0,nan
3,4,13,0.0,nan
3,4,14,0.0,nan
3,4,15,0.0,nan
3,4,16,0.0,nan
3,4,17,0.0,nan
3,4,18,0.0,nan
3,4,19,0.0,nan
3,4,20,0.0,nan
3,4,21,0.0,nan
3,4,22,0.0,nan
3,4,23,0.0,nan
3,4,24,0.0,nan
3,4,25,0.0,nan
3,4,26,0.0,nan
3,4,27,0.0,nan
3,4,28,0.0,nan
3,4,29,0.0,nan
3,4,30,0.0,nan
3,4,31,0.0,nan
3,4,32,0.0,nan
3,4,33,0.0,nan
3,4,34,0.0,nan
3,4,35,0.0,nan
3,4,36,0.0,nan
3,4,37,0.0,nan
3,4,38,0.0,nan
3,4,39,0.0,nan
3,4,40,0.0,nan
3,5,0,0.0,nan
3,5,1,0.0,nan
3,5,2,0.0,nan
3,5,3,1.0,0.0
3,5,4,0.0,nan
3,5,5,0.0,nan
3,5,6,0.0,nan
3,5,7,0.0,nan
3,5,8,0.0,nan
3,5,9,0.0,nan
3,5,10,0.0,nan
3,5,11,0.0,nan
3,5,12,0.0,nan
3,5,13,0.0,nan
3,5,14,0.0,nan
3,5,15,0.0,nan
3,5,16,0.0,nan
3,5,17,0.0,nan
3,5,18,0.0,nan
3,5,19,0.0,nan
3,5,20,0.0,nan
3,5,21,0.0,nan
3,5,22,0.0,nan
3,5,23,0.0,nan
3,5,24,0.0,nan
3,5,25,0.0,nan
3,5,26,0.0,nan
3,5,27,0.0,nan
3,5,28,0.0,nan
3,5,29,0.0,nan
3,5,30,0.0,nan
3,5,31,0.0,nan
3,5,32,0.0,nan
3,5,33,0.0,nan
3,5,34,0.0,nan
3,5,35,0.0,nan
3,5,36,0.0,nan
3,5,37,0.0,nan
3,5,38,0.0,nan
3,5,39,0.0,nan
3,5,40,0.0,nan
3,6,0,0.0,nan
3,6,1,0.0,nan
3,6,2,0.0,nan
3,6,3,1.0,0.0
3,6,4,0.0,nan
3,6,5,0.0,nan
3,6,6,0.0,nan
3,6,7,0.0,nan
3,6,8,0.0,nan
3,6,9,0.0,nan
3,6,10,0.0,nan
3,6,11,0.0,nan
3,6,12,0.0,nan
3,6,13,0.0,nan
3,6,14,0.0,nan
3,6,15,0.0,nan
3,6,16,0.0,nan
3,6,17,0.0,nan
3,6,18,0.0,nan
3,6,19,0.0,nan
3,6,20,0.0,nan
3,6,21,0.0,nan
3,6,22,0.0,nan
3,6,23,0.0,nan
3,6,24,0.0,nan
3,6,25,0.0,nan
3,6,26,0.0,nan
3,6,27,0.0,nan
3,6,28,0.0,nan
3,6,29,0.0,nan
3,6,30,0.0,nan
3,6,31,0.0,nan
3,6,32,0.0,nan
3,6,33,0.0,nan
3,6,34,0.0,nan
3,6,35,0.0,nan
3,6,36,0.0,nan
3,6,37,0.0,nan
3,6,38,0.0,nan
3,6,39,0.0,nan
3,6,40,0.0,nan
3,7,0,0.0,nan
3,7,1,0.0,nan
3,7,2,0.0,nan
3,7,3,1.0,0.0
3,7,4,0.0,nan
3,7,5,0.0,nan
3,7,6,0.0,nan
3,7,7,0.0,nan
3,7,8,0.0,nan
3,7,9,0.0,nan
3,7,10,0.0,nan
3,7,11,0.0,nan
3,7,12,0.0,nan
3,7,13,0.0,nan
3,7,14,0.0,nan
3,7,15,0.0,nan
3,7,16,0.0,nan
3,7,17,0.0,nan
3,7,18,0.0,nan
3,7,19,0.0,nan
3,7,20,0.0,nan
3,7,21,0.0,nan
3,7,22,0.0,nan
3,7,23,0.0,nan
3,7,24,0.0,nan
3,7,25,0.0,nan
3,7,26,0.0,nan
3,7,27,0.0,nan
3,7,28,0.0,nan
3,7,29,0.0,nan
3,7,30,0.0,nan
3,7,31,0.0,nan
3,7,32,0.0,nan
3,7,33,0.0,nan
3,7,34,0.0,nan
3,7,35,0.0,nan
3,7,36,0.0,nan
3,7,37,0.0,nan
3,7,38,0.0,nan
3,7,39,0.0,nan
3,7,40,0.0,nan
3,8,0,0.0,nan
3,8,1,0.0,nan
3,8,2,0.0,nan
3,8,3,1.0,0.0
3,8,4,0.0,nan
3,8,5,0.0,nan
3,8,6,0.0,nan
3,8,7,0.0,nan
3,8,8,0.0,nan
3,8,9,0.0,nan
3,8,10,0.0,nan
3,8,11,0.0,nan
3,8,12,0.0,nan
3,8,13,0.0,nan
3,8,14,0.0,nan
3,8,15,0.0,nan
3,8,16,0.0,nan
3,8,17,0.0,nan
3,8,18,0.0,nan
3,8,19,0.0,nan
3,8,20,0.0,nan
3,8,21,0.0,nan
3,8,22,0.0,nan
3,8,23,0.0,nan
3,8,24,0.0,nan
3,8,25,0.0,nan
3,8,26,0.0,nan
3,8,27,0.0,nan
3,8,28,0.0,nan
3,8,29,0.0,nan
3,8,30,0.0,nan
3,8,31,0.0,nan
3,8,32,0.0,nan
3,8,33,0.0,nan
3,8,34,0.0,nan
3,8,35,0.0,nan
3,8,36,0.0,nan
3,8,37,0.0,nan
3,8,38,0.0,nan
3,8,39,0.0,nan
3,8,40,0.0,nan
3,9,0,0.0,nan
3,9,1,0.0,nan
3,9,2,0.0,nan
3,9,3,1.0,0.0
3,9,4,0.0,nan
3,9,5,0.0,nan
3,9,6,0.0,nan
3,9,7,0.0,nan
3,9,8,0.0,nan
3,9,9,0.0,nan
3,9,10,0.0,nan
3,9,11,0.0,nan
3,9,12,0.0,nan
3,9,13,0.0,nan
3,9,14,0.0,nan
3,9,15,0.0,nan
3,9,16,0.0,nan
3,9,17,0.0,nan
3,9,18,0.0,nan
3,9,19,0.0,nan
3,9,20,0.0,nan
3,9,21,0.0,nan
3,9,22,0.0,nan
3,9,23,0.0,nan
3,9,24,0.0,nan
3,9,25,0.0,nan
3,9,26,0.0,nan
3,9,27,0.0,nan
3,9,28,0.0,nan
3,9,29,0.0,nan
3,9,30,0.0,nan
3,9,31,0.0,nan
3,9,32,0.0,nan
3,9,33,0.0,nan
3,9,34,0.0,nan
3,9,35,0.0,nan
3,9,36,0.0,nan
3,9,37,0.0,nan
3,9,38,0.0,nan
3,9,39,0.0,nan
3,9,40,0.0,nan
3,10,0,0.0,nan
3,10,1,0.0,nan
3,10,2,0.0,nan
3,10,3,1.0,0.0
3,10,4,0.0,nan
3,10,5,0.0,nan
3,10,6,0.0,nan
3,10,7,0.0,nan
3,10,8,0.0,nan
3,10,9,0.0,nan
3,10,10,0.0,nan
3,10,11,0.0,nan
3,10,12,0.0,nan
3,10,13,0.0,nan
3,10,14,0.0,nan
3,10,15,0.0,nan
3,10,16,0.0,nan
3,10,17,0.0,nan
3,10,18,0.0,nan
3,10,19,0.0,nan
3,10,20,0.0,nan
3,10,21,0.0,nan
3,10,22,0.0,nan
3,10,23,0.0,nan
3,10,24,0.0,nan
3,10,25,0.0,nan
3,10,26,0.0,nan
3,10,27,0.0,nan
3,10,28,0.0,nan
3,10,29,0.0,nan
3,10,30,0.0,nan
3,10,31,0.0,nan
3,10,32,0.0,nan
3,10,33,0.0,nan
3,10,34,0.0,nan
3,10,35,0.0,nan
3,10,36,0.0,nan
3,10,37,0.0,nan
3,10,38,0.0,nan
3,10,39,0.0,nan
3,10,40,0.0,nan
4,0,0,0.0,nan
4,0,1,0.0,nan
4,0,2,0.0,nan
4,0,3,0.0,nan
4,0,4,0.0,nan
4,0,5,0.0,nan
4,0,6,0.0,nan
4,0,7,0.0,nan
4,0,8,0.0,nan
4,0,9,0.0,nan
4,0,10,0.0,nan
4,0,11,0.0,nan
4,0,12,0.0,nan
4,0,13,0.0,nan
4,0,14,0.0,nan
4,0,15,0.0,nan
4,0,16,0.0,nan
4,0,17,0.0,nan
4,0,18,0.0,nan
4,0,19,0.0,nan
4,0,20,0.0,nan
4,0,21,0.0,nan
4,0,22,0.0,nan
4,0,23,0.0,nan
4,0,24,0.0,nan
4,0,25,0.0,nan
4,0,26,0.0,nan
4,0,27,0.0,nan
4,0,28,0.0,nan
4,0,29,0.0,nan
4,0,30,0.0,nan
4,0,31,0.0,nan
4,0,32,0.0,nan
4,0,33,0.0,nan
4,0,34,0.0,nan
4,0,35,0.0,nan
4,0,36,0.0,nan
4,0,37,0.0,nan
4,0,38,0.0,nan
4,0,39,0.0,nan
4,0,40,0.0,nan
4,1,0,0.0,nan
4,1,1,0.0,nan
4,1,2,0.0,nan
4,1,3,0.0,nan
4,1,4,0.0,nan
4,1,5,0.0,nan
4,1,6,0.0,nan
4,1,7,0.0,nan
4,1,8,0.0,nan
4,1,9,0.0,nan
4,1,10,0.0,nan
4,1,11,0.0,nan
4,1,12,0.0,nan
4,1,13,0.0,nan
4,1,14,0.0,nan
4,1,15,0.0,nan
4,1,16,0.0,nan
4,1,17,0.0,nan
4,1,18,0.0,nan
4,1,19,0.0,nan
4,1,20,0.0,nan
4,1,21,0.0,nan
4,1,22,0.0,nan
4,1,23,0.0,nan
4,1,24,0.0,nan
4,1,25,0.0,nan
4,1,26,0.0,nan
4,1,27,0.0,nan
4,1,28,0.0,nan
4,1,29,0.0,nan
4,1,30,0.0,nan
4,1,31,0.0,nan
4,1,32,0.0,nan
4,1,33,0.0,nan
4,1,34,0.0,nan
4,1,35,0.0,nan
4,1,36,0.0,nan
4,1,37,0.0,nan
4,1,38,0.0,nan
4,1,39,0.0,nan
4,1,40,0.0,nan
4,2,0,0.0,nan
4,2,1,0.0,nan
4,2,2,0.0,nan
4,2,3,0.0,nan
4,2,4,0.0,nan
4,2,5,0.0,nan
4,2,6,0.0,nan
4,2,7,0.0,nan
4,2,8,0.0,nan
4,2,9,0.0,nan
4,2,10,0.0,nan
4,2,11,0.0,nan
4,2,12,0.0,nan
4,2,13,0.0,nan
4,2,14,0.0,nan
4,2,15,0.0,nan
4,2,16,0.0,nan
4,2,17,0.0,nan
4,2,18,0.0,nan
4,2,19,0.0,nan
4,2,20,0.0,nan
4,2,21,0.0,nan
4,2,22,0.0,nan
4,2,23,0.0,nan
4,2,24,0.0,nan
4,2,25,0.0,nan
4,2,26,0.0,nan
4,2,27,0.0,nan
4,2,28,0.0,nan
4,2,29,0.0,nan
4,2,30,0.0,nan
4,2,31,0.0,nan
4,2,32,0.0,nan
4,2,33,0.0,nan
4,2,34,0.0,nan
4,2,35,0.0,nan
4,2,36,0.0,nan
4,2,37,0.0,nan
4,2,38,0.0,nan
4,2,39,0.0,nan
4,2,40,0.0,nan
4,3,0,0.0,nan
4,3,1,0.0,nan
4,3,2,0.0,nan
4,3,3,0.0,nan
4,3,4,0.0,nan
4,3,5,0.0,nan
4,3,6,0.0,nan
4,3,7,0.0,nan
4,3,8,0.0,nan
4,3,9,0.0,nan
4,3,10,0.0,nan
4,3,11,0.0,nan
4,3,12,0.0,nan
4,3,13,0.0,nan
4,3,14,0.0,nan
4,3,15,0.0,nan
4,3,16,0.0,nan
4,3,17,0.0,nan
4,3,18,0.0,nan
4,3,19,0.0,nan
4,3,20,0.0,nan
4,3,21,0.0,nan
4,3,22,0.0,nan
4,3,23,0.0,nan
4,3,24,0.0,nan
4,3,25,0.0,nan
4,3,26,0.0,nan
4,3,27,0.0,nan
4,3,28,0.0,nan
4,3,29,0.0,nan
4,3,30,0.0,nan
4,3,31,0.0,nan
4,3,32,0.0,nan
4,3,33,0.0,nan
4,3,34,0.0,nan
4,3,35,0.0,nan
4,3,36,0.0,nan
4,3,37,0.0,nan
4,3,38,0.0,nan
4,3,39,0.0,nan
4,3,40,0.0,nan
4,4,0,0.0,nan
4,4,1,0.0,nan
4,4,2,0.0,nan
4,4,3,0.0,nan
4,4,4,1.0,0.0
4,4,5,1.0,1.0
4,4,6,1.0,2.0
4,4,7,1.0,3.0
4,4,8,1.0,4.0
4,4,9,1.0,5.0
4,4,10,1.0,6.0
4,4,11,1.0,7.0
4,4,12,1.0,8.0
4,4,13,1.0,9.0
4,4,14,1.0,10.0
4,4,15,1.0,11.0
4,4,16,1.0,12.0
4,4,17,1.0,13.0
4,4,18,1.0,14.0
4,4,19,1.0,15.0
4,4,20,1.0,16.0
4,4,21,1.0,17.0
4,4,22,1.0,18.0
4,4,23,1.0,19.0
4,4,24,1.0,20.0
4,4,25,1.0,21.0
4,4,26,1.0,22.0
4,4,27,1.0,23.0
4,4,28,1.0,24.0
4,4,29,1.0,25.0
4,4,30,1.0,26.0
4,4,31,1.0,27.0
4,4,32,1.0,28.0
4,4,33,1.0,29.0
4,4,34,1.0,30.0
4,4,35,1.0,31.0
4,4,36,1.0,32.0
4,4,37,1.0,33.0
4,4,38,1.0,34.0
4,4,39,1.0,35.0
4,4,40,1.0,36.0
4,5,0,0.0,nan
4,5,1,0.0,nan
4,5,2,0.0,nan
4,5,3,0.0,nan
4,5,4,1.0,0.0
4,5,5,0.0,nan
4,5,6,0.0,nan
4,5,7,0.0,nan
4,5,8,0.0,nan
4,5,9,0.0,nan
4,5,10,0.0,nan
4,5,11,0.0,nan
4,5,12,0.0,nan
4,5,13,0.0,nan
4,5,14,0.0,nan
4,5,15,0.0,nan
4,5,16,0.0,nan
4,5,17,0.0,nan
4,5,18,0.0,nan
4,5,19,0.0,nan
4,5,20,0.0,nan
4,5,21,0.0,nan
4,5,22,0.0,nan
4,5,23,0.0,nan
4,5,24,0.0,nan
4,5,25,0.0,nan
4,5,26,0.0,nan
4,5,27,0.0,nan
4,5,28,0.0,nan
4,5,29,0.0,nan
4,5,30,0.0,nan
4,5,31,0.0,nan
4,5,32,0.0,nan
4,5,33,0.0,nan
4,5,34,0.0,nan
4,5,35,0.0,nan
4,5,36,0.0,nan
4,5,37,0.0,nan
4,5,38,0.0,nan
4,5,39,0.0,nan
4,5,40,0.0,nan
4,6,0,0.0,nan
4,6,1,0.0,nan
4,6,2,0.0,nan
4,6,3,0.0,nan
4,6,4,1.0,0.0
4,6,5,0.0,nan
4,6,6,0.0,nan
4,6,7,0.0,nan
4,6,8,0.0,nan
4,6,9,0.0,nan
4,6,10,0.0,nan
4,6,11,0.0,nan
4,6,12,0.0,nan
4,6,13,0.0,nan
4,6,14,0.0,nan
4,6,15,0.0,nan
4,6,16,0.0,nan
4,6,17,0.0,nan
4,6,18,0.0,nan
4,6,19,0.0,nan
4,6,20,0.0,nan
4,6,21,0.0,nan
4,6,22,0.0,nan
4,6,23,0.0,nan
4,6,24,0.0,nan
4,6,25,0.0,nan
4,6,26,0.0,nan
4,6,27,0.0,nan
4,6,28,0.0,nan
4,6,29,0.0,nan
4,6,30,0.0,nan
4,6,31,0.0,nan
4,6,32,0.0,nan
4,6,33,0.0,nan
4,6,34,0.0,nan
4,6,35,0.0,nan
4,6,36,0.0,nan
4,6,37,0.0,nan
4,6,38,0.0,nan
4,6,39,0.0,nan
4,6,40,0.0,nan
4,7,0,0.0,nan
4,7,1,0.0,nan
4,7,2,0.0,nan
4,7,3,0.0,nan
4,7,4,1.0,0.0
4,7,5,0.0,nan
4,7,6,0.0,nan
4,7,7,0.0,nan
4,7,8,0.0,nan
4,7,9,0.0,nan
4,7,10,0.0,nan
4,7,11,0.0,nan
4,7,12,0.0,nan
4,7,13,0.0,nan
4,7,14,0.0,nan
4,7,15,0.0,nan
4,7,16,0.0,nan
4,7,17,0.0,nan
4,7,18,0.0,nan
4,7,19,0.0,nan
4,7,20,0.0,nan
4,7,21,0.0,nan
4,7,22,0.0,nan
4,7,23,0.0,nan
4,7,24,0.0,nan
4,7,25,0.0,nan
4,7,26,0.0,nan
4,7,27,0.0,nan
4,7,28,0.0,nan
4,7,29,0.0,nan
4,7,30,0.0,nan
4,7,31,0.0,nan
4,7,32,0.0,nan
4,7,33,0.0,nan
4,7,34,0.0,nan
4,7,35,0.0,nan
4,7,36,0.0,nan
4,7,37,0.0,nan
4,7,38,0.0,nan
4,7,39,0.0,nan
4,7,40,0.0,nan
4,8,0,0.0,nan
4,8,1,0.0,nan
4,8,2,0.0,nan
4,8,3,0.0,nan
4,8,4,1.0,0.0
4,8,5,0.0,nan
4,8,6,0.0,nan
4,8,7,0.0,nan
4,8,8,0.0,nan
4,8,9,0.0,nan
4,8,10,0.0,nan
4,8,11,0.0,nan
4,8,12,0.0,nan
4,8,13,0.0,nan
4,8,14,0.0,nan
4,8,15,0.0,nan
4,8,16,0.0,nan
4,8,17,0.0,nan
4,8,18,0.0,nan
4,8,19,0.0,nan
4,8,20,0.0,nan
4,8,21,0.0,nan
4,8,22,0.0,nan
4,8,23,0.0,nan
4,8,24,0.0,nan
4,8,25,0.0,nan
4,8,26,0.0,nan
4,8,27,0.0,nan
4,8,28,0.0,nan
4,8,29,0.0,nan
4,8,30,0.0,nan
4,8,31,0.0,nan
4,8,32,0.0,nan
4,8,33,0.0,nan
4,8,34,0.0,nan
4,8,35,0.0,nan
4,8,36,0.0,nan
4,8,37,0.0,nan
4,8,38,0.0,nan
4,8,39,0.0,nan
4,8,40,0.0,nan
4,9,0,0.0,nan
4,9,1,0.0,nan
4,9,2,0.0,nan
4,9,3,0.0,nan
4,9,4,1.0,0.0
4,9,5,0.0,nan
4,9,6,0.0,nan
4,9,7,0.0,nan
4,9,8,0.0,nan
4,9,9,0.0,nan
4,9,10,0.0,nan
4,9,11,0.0,nan
4,9,12,0.0,nan
4,9,13,0.0,nan
4,9,14,0.0,nan
4,9,15,0.0,nan
4,9,16,0.0,nan
4,9,17,0.0,nan
4,9,18,0.0,nan
4,9,19,0.0,nan
4,9,20,0.0,nan
4,9,21,0.0,nan
4,9,22,0.0,nan
4,9,23,0.0,nan
4,9,24,0.0,nan
4,9,25,0.0,nan
4,9,26,0.0,nan
4,9,27,0.0,nan
4,9,28,0.0,nan
4,9,29,0.0,nan
4,9,30,0.0,nan
4,9,31,0.0,nan
4,9,32,0.0,nan
4,9,33,0.0,nan
4,9,34,0.0,nan
4,9,35,0.0,nan
4,9,36,0.0,nan
4,9,37,0.0,nan
4,9,38,0.0,nan
4,9,39,0.0,nan
4,9,40,0.0,nan
4,10,0,0.0,nan
4,10,1,0.0,nan
4,10,2,0.0,nan
4,10,3,0.0,nan
4,10,4,1.0,0.0
4,10,5,0.0,nan
4,10,6,0.0,nan
4,10,7,0.0,nan
4,10,8,0.0,nan
4,10,9,0.0,nan
4,10,10,0.0,nan
4,10,11,0.0,nan
4,10,12,0.0,nan
4,10,13,0.0,nan
4,10,14,0.0,nan
4,10,15,0.0,nan
4,10,16,0.0,nan
4,10,17,0.0,nan
4,10,18,0.0,nan
4,10,19,0.0,nan
4,10,20,0.0,nan
4,10,21,0.0,nan
4,10,22,0.0,nan
4,10,23,0.0,nan
4,10,24,0.0,nan
4,10,25,0.0,nan
4,10,26,0.0,nan
4,10,27,0.0,nan
4,10,28,0.0,nan
4,10,29,0.0,nan
4,10,30,0.0,nan
4,10,31,0.0,nan
4,10,32,0.0,nan
4,10,33,0.0,nan
4,10,34,0.0,nan
4,10,35,0.0,nan
4,10,36,0.0,nan
4,10,37,0.0,nan
4,10,38,0.0,nan
4,10,39,0.0,nan
4,10,40,0.0,nan
5,0,0,0.0,nan
5,0,1,0.0,nan
5,0,2,0.0,nan
5,0,3,0.0,nan
5,0,4,0.0,nan
5,0,5,0.0,nan
5,0,6,0.0,nan
5,0,7,0.0,nan
5,0,8,0.0,nan
5,0,9,0.0,nan
5,0,10,0.0,nan
5,0,11,0.0,nan
5,0,12,0.0,nan
5,0,13,0.0,nan
5,0,14,0.0,nan
5,0,15,0.0,nan
5,0,16,0.0,nan
5,0,17,0.0,nan
5,0,18,0.0,nan
5,0,19,0.0,nan
5,0,20,0.0,nan
5,0,21,0.0,nan
5,0,22,0.0,nan
5,0,23,0.0,nan
5,0,24,0.0,nan
5,0,25,0.0,nan
5,0,26,0.0,nan
5,0,27,0.0,nan
5,0,28,0.0,nan
5,0,29,0.0,nan
5,0,30,0.0,nan
5,0,31,0.0,nan
5,0,32,0.0,nan
5,0,33,0.0,nan
5,0,34,0.0,nan
5,0,35,0.0,nan
5,0,36,0.0,nan
5,0,37,0.0,nan
5,0,38,0.0,nan
5,0,39,0.0,nan
5,0,40,0.0,nan
5,1,0,0.0,nan
5,1,1,0.0,nan
5,1,2,0.0,nan
5,1,3,0.0,nan
5,1,4,0.0,nan
5,1,5,0.0,nan
5,1,6,0.0,nan
5,1,7,0.0,nan
5,1,8,0.0,nan
5,1,9,0.0,nan
5,1,10,0.0,nan
5,1,11,0.0,nan
5,1,12,0.0,nan
5,1,13,0.0,nan
5,1,14,0.0,nan
5,1,15,0.0,nan
5,1,16,0.0,nan
5,1,17,0.0,nan
5,1,18,0.0,nan
5,1,19,0.0,nan
5,1,20,0.0,nan
5,1,21,0.0,nan
5,1,22,0.0,nan
5,1,23,0.0,nan
5,1,24,0.0,nan
5,1,25,0.0,nan
5,1,26,0.0,nan
5,1,27,0.0,nan
5,1,28,0.0,nan
5,1,29,0.0,nan
5,1,30,0.0,nan
5,1,31,0.0,nan
5,1,32,0.0,nan
5,1,33,0.0,nan
5,1,34,0.0,nan
5,1,35,0.0,nan
5,1,36,0.0,nan
5,1,37,0.0,nan
5,1,38,0.0,nan
5,1,39,0.0,nan
5,1,40,0.0,nan
5,2,0,0.0,nan
5,2,1,0.0,nan
5,2,2,0.0,nan
5,2,3,0.0,nan
5,2,4,0.0,nan
5,2,5,0.0,nan
5,2,6,0.0,nan
5,2,7,0.0,nan
5,2,8,0.0,nan
5,2,9,0.0,nan
5,2,10,0.0,nan
5,2,11,0.0,nan
5,2,12,0.0,nan
5,2,13,0.0,nan
5,2,14,0.0,nan
5,2,15,0.0,nan
5,2,16,0.0,nan
5,2,17,0.0,nan
5,2,18,0.0,nan
5,2,19,0.0,nan
5,2,20,0.0,nan
5,2,21,0.0,nan
5,2,22,0.0,nan
5,2,23,0.0,nan
5,2,24,0.0,nan
5,2,25,0.0,nan
5,2,26,0.0,nan
5,2,27,0.0,nan
5,2,28,0.0,nan
5,2,29,0.0,nan
5,2,30,0.0,nan
5,2,31,0.0,nan
5,2,32,0.0,nan
5,2,33,0.0,nan
5,2,34,0.0,nan
5,2,35,0.0,nan
5,2,36,0.0,nan
5,2,37,0.0,nan
5,2,38,0.0,nan
5,2,39,0.0,nan
5,2,40,0.0,nan
5,3,0,0.0,nan
5,3,1,0.0,nan
5,3,2,0.0,nan
5,3,3,0.0,nan
5,3,4,0.0,nan
5,3,5,0.0,nan
5,3,6,0.0,nan
5,3,7,0.0,nan
5,3,8,0.0,nan
5,3,9,0.0,nan
5,3,10,0.0,nan
5,3,11,0.0,nan
5,3,12,0.0,nan
5,3,13,0.0,nan
5,3,14,0.0,nan
5,3,15,0.0,nan
5,3,16,0.0,nan
5,3,17,0.0,nan
5,3,18,0.0,nan
5,3,19,0.0,nan
5,3,20,0.0,nan
5,3,21,0.0,nan
5,3,22,0.0,nan
5,3,23,0.0,nan
5,3,24,0.0,nan
5,3,25,0.0,nan
5,3,26,0.0,nan
5,3,27,0.0,nan
5,3,28,0.0,nan
5,3,29,0.0,nan
5,3,30,0.0,nan
5,3,31,0.0,nan
5,3,32,0.0,nan
5,3,33,0.0,nan
5,3,34,0.0,nan
5,3,35,0.0,nan
5,3,36,0.0,nan
5,3,37,0.0,nan
5,3,38,0.0,nan
5,3,39,0.0,nan
5,3,40,0.0,nan
5,4,0,0.0,nan
5,4,1,0.0,nan
5,4,2,0.0,nan
5,4,3,0.0,nan
5,4,4,0.0,nan
5,4,5,0.0,nan
5,4,6,0.0,nan
5,4,7,0.0,nan
5,4,8,0.0,nan
5,4,9,0.0,nan
5,4,10,0.0,nan
5,4,11,0.0,nan
5,4,12,0.0,nan
5,4,13,0.0,nan
5,4,14,0.0,nan
5,4,15,0.0,nan
5,4,16,0.0,nan
5,4,17,0.0,nan
5,4,18,0.0,nan
5,4,19,0.0,nan
5,4,20,0.0,nan
5,4,21,0.0,nan
5,4,22,0.0,nan
5,4,23,0.0,nan
5,4,24,0.0,nan
5,4,25,0.0,nan
5,4,26,0.0,nan
5,4,27,0.0,nan
5,4,28,0.0,nan
5,4,29,0.0,nan
5,4,30,0.0,nan
5,4,31,0.0,nan
5,4,32,0.0,nan
5,4,33,0.0,nan
5,4,34,0.0,nan
5,4,35,0.0,nan
5,4,36,0.0,nan
5,4,37,0.0,nan
5,4,38,0.0,nan
5,4,39,0.0,nan
5,4,40,0.0,nan
5,5,0,0.0,nan
5,5,1,0.0,nan
5,5,2,0.0,nan
5,5,3,0.0,nan
5,5,4,0.0,nan
5,5,5,1.0,0.0
5,5,6,1.0,1.0
5,5,7,1.0,2.0
5,5,8,1.0,3.0
5,5,9,1.0,4.0
5,5,10,1.0,5.0
5,5,11,1.0,6.0
5,5,12,1.0,7.0
5,5,13,1.0,8.0
5,5,14,1.0,9.0
5,5,15,1.0,10.0
5,5,16,1.0,11.0
5,5,17,1.0,12.0
5,5,18,1.0,13.0
5,5,19,1.0,14.0
5,5,20,1.0,15.0
5,5,21,1.0,16.0
5,5,22,1.0,17.0
5,5,23,1.0,18.0
5,5,24,1.0,19.0
5,5,25,1.0,20.0
5,5,26,1.0,21.0
5,5,27,1.0,22.0
5,5,28,1.0,23.0
5,5,29,1.0,24.0
5,5,30,1.0,25.0
5,5,31,1.0,26.0
5,5,32,1.0,27.0
5,5,33,1.0,28.0
5,5,34,1.0,29.0
5,5,35,1.0,30.0
5,5,36,1.0,31.0
5,5,37,1.0,32.0
5,5,38,1.0,33.0
5,5,39,1.0,34.0
5,5,40,1.0,35.0
5,6,0,0.0,nan
5,6,1,0.0,nan
5,6,2,0.0,nan
5,6,3,0.0,nan
5,6,4,0.0,nan
5,6,5,1.0,0.0
5,6,6,0.0,nan
5,6,7,0.0,nan
5,6,8,0.0,nan
5,6,9,0.0,nan
5,6,10,0.0,nan
5,6,11,0.0,nan
5,6,12,0.0,nan
5,6,13,0.0,nan
5,6,14,0.0,nan
5,6,15,0.0,nan
5,6,16,0.0,nan
5,6,17,0.0,nan
5,6,18,0.0,nan
5,6,19,0.0,nan
5,6,20,0.0,nan
5,6,21,0.0,nan
5,6,22,0.0,nan
5,6,23,0.0,nan
5,6,24,0.0,nan
5,6,25,0.0,nan
5,6,26,0.0,nan
5,6,27,0.0,nan
5,6,28,0.0,nan
5,6,29,0.0,nan
5,6,30,0.0,nan
5,6,31,0.0,nan
5,6,32,0.0,nan
5,6,33,0.0,nan
5,6,34,0.0,nan
5,6,35,0.0,nan
5,6,36,0.0,nan
5,6,37,0.0,nan
5,6,38,0.0,nan
5,6,39,0.0,nan
5,6,40,0.0,nan
5,7,0,0.0,nan
5,7,1,0.0,nan
5,7,2,0.0,nan
5,7,3,0.0,nan
5,7,4,0.0,nan
5,7,5,1.0,0.0
5,7,6,0.0,nan
5,7,7,0.0,nan
5,7,8,0.0,nan
5,7,9,0.0,nan
5,7,10,0.0,nan
5,7,11,0.0,nan
5,7,12,0.0,nan
5,7,13,0.0,nan
5,7,14,0.0,nan
5,7,15,0.0,nan
5,7,16,0.0,nan
5,7,17,0.0,nan
5,7,18,0.0,nan
5,7,19,0.0,nan
5,7,20,0.0,nan
5,7,21,0.0,nan
5,7,22,0.0,nan
5,7,23,0.0,nan
5,7,24,0.0,nan
5,7,25,0.0,nan
5,7,26,0.0,nan
5,7,27,0.0,nan
5,7,28,0.0,nan
5,7,29,0.0,nan
5,7,30,0.0,nan
5,7,31,0.0,nan
5,7,32,0.0,nan
5,7,33,0.0,nan
5,7,34,0.0,nan
5,7,35,0.0,nan
5,7,36,0.0,nan
5,7,37,0.0,nan
5,7,38,0.0,nan
5,7,39,0.0,nan
5,7,40,0.0,nan
5,8,0,0.0,nan
5,8,1,0.0,nan
5,8,2,0.0,nan
5,8,3,0.0,nan
5,8,4,0.0,nan
5,8,5,1.0,0.0
5,8,6,0.0,nan
5,8,7,0.0,nan
5,8,8,0.0,nan
5,8,9,0.0,nan
5,8,10,0.0,nan
5,8,11,0.0,nan
5,8,12,0.0,nan
5,8,13,0.0,nan
5,8,14,0.0,nan
5,8,15,0.0,nan
5,8,16,0.0,nan
5,8,17,0.0,nan
5,8,18,0.0,nan
5,8,19,0.0,nan
5,8,20,0.0,nan
5,8,21,0.0,nan
5,8,22,0.0,nan
5,8,23,0.0,nan
5,8,24,0.0,nan
5,8,25,0.0,nan
5,8,26,0.0,nan
5,8,27,0.0,nan
5,8,28,0.0,nan
5,8,29,0.0,nan
5,8,30,0.0,nan
5,8,31,0.0,nan
5,8,32,0.0,nan
5,8,33,0.0,nan
5,8,34,0.0,nan
5,8,35,0.0,nan
5,8,36,0.0,nan
5,8,37,0.0,nan
5,8,38,0.0,nan
5,8,39,0.0,nan
5,8,40,0.0,nan
5,9,0,0.0,nan
5,9,1,0.0,nan
5,9,2,0.0,nan
5,9,3,0.0,nan
5,9,4,0.0,nan
5,9,5,1.0,0.0
5,9,6,0.0,nan
5,9,7,0.0,nan
5,9,8,0.0,nan
5,9,9,0.0,nan
5,9,10,0.0,nan
5,9,11,0.0,nan
5,9,12,0.0,nan
5,9,13,0.0,nan
5,9,14,0.0,nan
5,9,15,0.0,nan
5,9,16,0.0,nan
5,9,17,0.0,nan
5,9,18,0.0,nan
5,9,19,0.0,nan
5,9,20,0.0,nan
5,9,21,0.0,nan
5,9,22,0.0,nan
5,9,23,0.0,nan
5,9,24,0.0,nan
5,9,25,0.0,nan
5,9,26,0.0,nan
5,9,27,0.0,nan
5,9,28,0.0,nan
5,9,29,0.0,nan
5,9,30,0.0,nan
5,9,31,0.0,nan
5,9,32,0.0,nan
5,9,33,0.0,nan
5,9,34,0.0,nan
5,9,35,0.0,nan
5,9,36,0.0,nan
5,9,37,0.0,nan
5,9,38,0.0,nan
5,9,39,0.0,nan
5,9,40,0.0,nan
5,10,0,0.0,nan
5,10,1,0.0,nan
5,10,2,0.0,nan
5,10,3,0.0,nan
5,10,4,0.0,nan
5,10,5,1.0,0.0
5,10,6,0.0,nan
5,10,7,0.0,nan
5,10,8,0.0,nan
5,10,9,0.0,nan
5,10,10,0.0,nan
5,10,11,0.0,nan
5,10,12,0.0,nan
5,10,13,0.0,nan
5,10,14,0.0,nan
5,10,15,0.0,nan
5,10,16,0.0,nan
5,10,17,0.0,nan
5,10,18,0.0,nan
5,10,19,0.0,nan
5,10,20,0.0,nan
5,10,21,0.0,nan
5,10,22,0.0,nan
5,10,23,0.0,nan
5,10,24,0.0,nan
5,10,25,0.0,nan
5,10,26,0.0,nan
5,10,27,0.0,nan
5,10,28,0.0,nan
5,10,29,0.0,nan
5,10,30,0.0,nan
5,10,31,0.0,nan
5,10,32,0.0,nan
5,10,33,0.0,nan
5,10,34,0.0,nan
5,10,35,0.0,nan
5,10,36,0.0,nan
5,10,37,0.0,nan
5,10,38,0.0,nan
5,10,39,0.0,nan
5,10,40,0.0,nan
6,0,0,0.0,nan
6,0,1,0.0,nan
6,0,2,0.0,nan
6,0,3,0.0,nan
6,0,4,0.0,nan
6,0,5,0.0,nan
6,0,6,0.0,nan
6,0,7,0.0,nan
6,0,8,0.0,nan
6,0,9,0.0,nan
6,0,10,0.0,nan
6,0,11,0.0,nan
6,0,12,0.0,nan
6,0,13,0.0,nan
6,0,14,0.0,nan
6,0,15,0.0,nan
6,0,16,0.0,nan
6,0,17,0.0,nan
6,0,18,0.0,nan
6,0,19,0.0,nan
6,0,20,0.0,nan
6,0,21,0.0,nan
6,0,22,0.0,nan
6,0,23,0.0,nan
6,0,24,0.0,nan
6,0,25,0.0,nan
6,0,26,0.0,nan
6,0,27,0.0,nan
6,0,28,0.0,nan
6,0,29,0.0,nan
6,0,30,0.0,nan
6,0,31,0.0,nan
6,0,32,0.0,nan
6,0,33,0.0,nan
6,0,34,0.0,nan
6,0,35,0.0,nan
6,0,36,0.0,nan
6,0,37,0.0,nan
6,0,38,0.0,nan
6,0,39,0.0,nan
6,0,40,0.0,nan
6,1,0,0.0,nan
6,1,1,0.0,nan
6,1,2,0.0,nan
6,1,3,0.0,nan
6,1,4,0.0,nan
6,1,5,0.0,nan
6,1,6,0.0,nan
6,1,7,0.0,nan
6,1,8,0.0,nan
6,1,9,0.0,nan
6,1,10,0.0,nan
6,1,11,0.0,nan
6,1,12,0.0,nan
6,1,13,0.0,nan
6,1,14,0.0,nan
6,1,15,0.0,nan
6,1,16,0.0,nan
6,1,17,0.0,nan
6,1,18,0.0,nan
6,1,19,0.0,nan
6,1,20,0.0,nan
6,1,21,0.0,nan
6,1,22,0.0,nan
6,1,23,0.0,nan
6,1,24,0.0,nan
6,1,25,0.0,nan
6,1,26,0.0,nan
6,1,27,0.0,nan
6,1,28,0.0,nan
6,1,29,0.0,nan
6,1,30,0.0,nan
6,1,31,0.0,nan
6,1,32,0.0,nan
6,1,33,0.0,nan
6,1,34,0.0,nan
6,1,35,0.0,nan
6,1,36,0.0,nan
6,1,37,0.0,nan
6,1,38,0.0,nan
6,1,39,0.0,nan
6,1,40,0.0,nan
6,2,0,0.0,nan
6,2,1,0.0,nan
6,2,2,0.0,nan
6,2,3,0.0,nan
6,2,4,0.0,nan
6,2,5,0.0,nan
6,2,6,0.0,nan
6,2,7,0.0,nan
6,2,8,0.0,nan
6,2,9,0.0,nan
6,2,10,0.0,nan
6,2,11,0.0,nan
6,2,12,0.0,nan
6,2,13,0.0,nan
6,2,14,0.0,nan
6,2,15,0.0,nan
6,2,16,0.0,nan
6,2,17,0.0,nan
6,2,18,0.0,nan
6,2,19,0.0,nan
6,2,20,0.0,nan
6,2,21,0.0,nan
6,2,22,0.0,nan
6,2,23,0.0,nan
6,2,24,0.0,nan
6,2,25,0.0,nan
6,2,26,0.0,nan
6,2,27,0.0,nan
6,2,28,0.0,nan
6,2,29,0.0,nan
6,2,30,0.0,nan
6,2,31,0.0,nan
6,2,32,0.0,nan
6,2,33,0.0,nan
6,2,34,0.0,nan
6,2,35,0.0,nan
6,2,36,0.0,nan
6,2,37,0.0,nan
6,2,38,0.0,nan
6,2,39,0.0,nan
6,2,40,0.0,nan
6,3,0,0.0,nan
6,3,1,0.0,nan
6,3,2,0.0,nan
6,3,3,0.0,nan
6,3,4,0.0,nan
6,3,5,0.0,nan
6,3,6,0.0,nan
6,3,7,0.0,nan
6,3,8,0.0,nan
6,3,9,0.0,nan
6,3,10,0.0,nan
6,3,11,0.0,nan
6,3,12,0.0,nan
6,3,13,0.0,nan
6,3,14,0.0,nan
6,3,15,0.0,nan
6,3,16,0.0,nan
6,3,17,0.0,nan
6,3,18,0.0,nan
6,3,19,0.0,nan
6,3,20,0.0,nan
6,3,21,0.0,nan
6,3,22,0.0,nan
6,3,23,0.0,nan
6,3,24,0.0,nan
6,3,25,0.0,nan
6,3,26,0.0,nan
6,3,27,0.0,nan
6,3,28,0.0,nan
6,3,29,0.0,nan
6,3,30,0.0,nan
6,3,31,0.0,nan
6,3,32,0.0,nan
6,3,33,0.0,nan
6,3,34,0.0,nan
6,3,35,0.0,nan
6,3,36,0.0,nan
6,3,37,0.0,nan
6,3,38,0.0,nan
6,3,39,0.0,nan
6,3,40,0.0,nan
6,4,0,0.0,nan
6,4,1,0.0,nan
6,4,2,0.0,nan
6,4,3,0.0,nan
6,4,4,0.0,nan
6,4,5,0.0,nan
6,4,6,0.0,nan
6,4,7,0.0,nan
6,4,8,0.0,nan
6,4,9,0.0,nan
6,4,10,0.0,nan
6,4,11,0.0,nan
6,4,12,0.0,nan
6,4,13,0.0,nan
6,4,14,0.0,nan
6,4,15,0.0,nan
6,4,16,0.0,nan
6,4,17,0.0,nan
6,4,18,0.0,nan
6,4,19,0.0,nan
6,4,20,0.0,nan
6,4,21,0.0,nan
6,4,22,0.0,nan
6,4,23,0.0,nan
6,4,24,0.0,nan
6,4,25,0.0,nan
6,4,26,0.0,nan
6,4,27,0.0,nan
6,4,28,0.0,nan
6,4,29,0.0,nan
6,4,30,0.0,nan
6,4,31,0.0,nan
6,4,32,0.0,nan
6,4,33,0.0,nan
6,4,34,0.0,nan
6,4,35,0.0,nan
6,4,36,0.0,nan
6,4,37,0.0,nan
6,4,38,0.0,nan
6,4,39,0.0,nan
6,4,40,0.0,nan
6,5,0,0.0,nan
6,5,1,0.0,nan
6,5,2,0.0,nan
6,5,3,0.0,nan
6,5,4,0.0,nan
6,5,5,0.0,nan
6,5,6,0.0,nan
6,5,7,0.0,nan
6,5,8,0.0,nan
6,5,9,0.0,nan
6,5,10,0.0,nan
6,5,11,0.0,nan
6,5,12,0.0,nan
6,5,13,0.0,nan
6,5,14,0.0,nan
6,5,15,0.0,nan
6,5,16,0.0,nan
6,5,17,0.0,nan
6,5,18,0.0,nan
6,5,19,0.0,nan
6,5,20,0.0,nan
6,5,21,0.0,nan
6,5,22,0.0,nan
6,5,23,0.0,nan
6,5,24,0.0,nan
6,5,25,0.0,nan
6,5,26,0.0,nan
6,5,27,0.0,nan
6,5,28,0.0,nan
6,5,29,0.0,nan
6,5,30,0.0,nan
6,5,31,0.0,nan
6,5,32,0.0,nan
6,5,33,0.0,nan
6,5,34,0.0,nan
6,5,35,0.0,nan
6,5,36,0.0,nan
6,5,37,0.0,nan
6,5,38,0.0,nan
6,5,39,0.0,nan
6,5,40,0.0,nan
6,6,0,0.0,nan
6,6,1,0.0,nan
6,6,2,0.0,nan
6,6,3,0.0,nan
6,6,4,0.0,nan
6,6,5,0.0,nan
6,6,6,1.0,0.0
6,6,7,1.0,1.0
6,6,8,1.0,2.0
6,6,9,1.0,3.0
6,6,10,1.0,4.0
6,6,11,1.0,5.0
6,6,12,1.0,6.0
6,6,13,1.0,7.0
6,6,14,1.0,8.0
6,6,15,1.0,9.0
6,6,16,1.0,10.0
6,6,17,1.0,11.0
6,6,18,1.0,12.0
6,6,19,1.0,13.0
6,6,20,1.0,14.0
6,6,21,1.0,15.0
6,6,22,1.0,16.0
6,6,23,1.0,17.0
6,6,24,1.0,18.0
6,6,25,1.0,19.0
6,6,26,1.0,20.0
6,6,27,1.0,21.0
6,6,28,1.0,22.0
6,6,29,1.0,23.0
6,6,30,1.0,24.0
6,6,31,1.0,25.0
6,6,32,1.0,26.0
6,6,33,1.0,27.0
6,6,34,1.0,28.0
6,6,35,1.0,29.0
6,6,36,1.0,30.0
6,6,37,1.0,31.0
6,6,38,1.0,32.0
6,6,39,1.0,33.0
6,6,40,1.0,34.0
6,7,0,0.0,nan
6,7,1,0.0,nan
6,7,2,0.0,nan
6,7,3,0.0,nan
6,7,4,0.0,nan
6,7,5,0.0,nan
6,7,6,1.0,0.0
6,7,7,0.0,nan
6,7,8,0.0,nan
6,7,9,0.0,nan
6,7,10,0.0,nan
6,7,11,0.0,nan
6,7,12,0.0,nan
6,7,13,0.0,nan
6,7,14,0.0,nan
6,7,15,0.0,nan
6,7,16,0.0,nan
6,7,17,0.0,nan
6,7,18,0.0,nan
6,7,19,0.0,nan
6,7,20,0.0,nan
6,7,21,0.0,nan
6,7,22,0.0,nan
6,7,23,0.0,nan
6,7,24,0.0,nan
6,7,25,0.0,nan
6,7,26,0.0,nan
6,7,27,0.0,nan
6,7,28,0.0,nan
6,7,29,0.0,nan
6,7,30,0.0,nan
6,7,31,0.0,nan
6,7,32,0.0,nan
6,7,33,0.0,nan
6,7,34,0.0,nan
6,7,35,0.0,nan
6,7,36,0.0,nan
6,7,37,0.0,nan
6,7,38,0.0,nan
6,7,39,0.0,nan
6,7,40,0.0,nan
6,8,0,0.0,nan
6,8,1,0.0,nan
6,8,2,0.0,nan
6,8,3,0.0,nan
6,8,4,0.0,nan
6,8,5,0.0,nan
6,8,6,1.0,0.0
6,8,7,0.0,nan
6,8,8,0.0,nan
6,8,9,0.0,nan
6,8,10,0.0,nan
6,8,11,0.0,nan
6,8,12,0.0,nan
6,8,13,0.0,nan
6,8,14,0.0,nan
6,8,15,0.0,nan
6,8,16,0.0,nan
6,8,17,0.0,nan
6,8,18,0.0,nan
6,8,19,0.0,nan
6,8,20,0.0,nan
6,8,21,0.0,nan
6,8,22,0.0,nan
6,8,23,0.0,nan
6,8,24,0.0,nan
6,8,25,0.0,nan
6,8,26,0.0,nan
6,8,27,0.0,nan
6,8,28,0.0,nan
6,8,29,0.0,nan
6,8,30,0.0,nan
6,8,31,0.0,nan
6,8,32,0.0,nan
6,8,33,0.0,nan
6,8,34,0.0,nan
6,8,35,0.0,nan
6,8,36,0.0,nan
6,8,37,0.0,nan
6,8,38,0.0,nan
6,8,39,0.0,nan
6,8,40,0.0,nan
6,9,0,0.0,nan
6,9,1,0.0,nan
6,9,2,0.0,nan
6,9,3,0.0,nan
6,9,4,0.0,nan
6,9,5,0.0,nan
6,9,6,1.0,0.0
6,9,7,0.0,nan
6,9,8,0.0,nan
6,9,9,0.0,nan
6,9,10,0.0,nan
6,9,11,0.0,nan
6,9,12,0.0,nan
6,9,13,0.0,nan
6,9,14,0.0,nan
6,9,15,0.0,nan
6,9,16,0.0,nan
6,9,17,0.0,nan
6,9,18,0.0,nan
6,9,19,0.0,nan
6,9,20,0.0,nan
6,9,21,0.0,nan
6,9,22,0.0,nan
6,9,23,0.0,nan
6,9,24,0.0,nan
6,9,25,0.0,nan
6,9,26,0.0,nan
6,9,27,0.0,nan
6,9,28,0.0,nan
6,9,29,0.0,nan
6,9,30,0.0,nan
6,9,31,0.0,nan
6,9,32,0.0,nan
6,9,33,0.0,nan
6,9,34,0.0,nan
6,9,35,0.0,nan
6,9,36,0.0,nan
6,9,37,0.0,nan
6,9,38,0.0,nan
6,9,39,0.0,nan
6,9,40,0.0,nan
6,10,0,0.0,nan
6,10,1,0.0,nan
6,10,2,0.0,nan
6,10,3,0.0,nan
6,10,4,0.0,nan
6,10,5,0.0,nan
6,10,6,1.0,0.0
6,10,7,0.0,nan
6,10,8,0.0,nan
6,10,9,0.0,nan
6,10,10,0.0,nan
6,10,11,0.0,nan
6,10,12,0.0,nan
6,10,13,0.0,nan
6,10,14,0.0,nan
6,10,15,0.0,nan
6,10,16,0.0,nan
6,10,17,0.0,nan
6,10,18,0.0,nan
6,10,19,0.0,nan
6,10,20,0.0,nan
6,10,21,0.0,nan
6,10,22,0.0,nan
6,10,23,0.0,nan
6,10,24,0.0,nan
6,10,25,0.0,nan
6,10,26,0.0,nan
6,10,27,0.0,nan
6,10,28,0.0,nan
6,10,29,0.0,nan
6,10,30,0.0,nan
6,10,31,0.0,nan
6,10,32,0.0,nan
6,10,33,0.0,nan
6,10,34,0.0,nan
6,10,35,0.0,nan
6,10,36,0.0,nan
6,10,37,0.0,nan
6,10,38,0.0,nan
6,10,39,0.0,nan
6,10,40,0.0,nan
7,0,0,0.0,nan
7,0,1,0.0,nan
7,0,2,0.0,nan
7,0,3,0.0,nan
7,0,4,0.0,nan
7,0,5,0.0,nan
7,0,6,0.0,nan
7,0,7,0.0,nan
7,0,8,0.0,nan
7,0,9,0.0,nan
7,0,10,0.0,nan
7,0,11,0.0,nan
7,0,12,0.0,nan
7,0,13,0.0,nan
7,0,14,0.0,nan
7,0,15,0.0,nan
7,0,16,0.0,nan
7,0,17,0.0,nan
7,0,18,0.0,nan
7,0,19,0.0,nan
7,0,20,0.0,nan
7,0,21,0.0,nan
7,0,22,0.0,nan
7,0,23,0.0,nan
7,0,24,0.0,nan
7,0,25,0.0,nan
7,0,26,0.0,nan
7,0,27,0.0,nan
7,0,28,0.0,nan
7,0,29,0.0,nan
7,0,30,0.0,nan
7,0,31,0.0,nan
7,0,32,0.0,nan
7,0,33,0.0,nan
7,0,34,0.0,nan
7,0,35,0.0,nan
7,0,36,0.0,nan
7,0,37,0.0,nan
7,0,38,0.0,nan
7,0,39,0.0,nan
7,0,40,0.0,nan
7,1,0,0.0,nan
7,1,1,0.0,nan
7,1,2,0.0,nan
7,1,3,0.0,nan
7,1,4,0.0,nan
7,1,5,0.0,nan
7,1,6,0.0,nan
7,1,7,0.0,nan
7,1,8,0.0,nan
7,1,9,0.0,nan
7,1,10,0.0,nan
7,1,11,0.0,nan
7,1,12,0.0,nan
7,1,13,0.0,nan
7,1,14,0.0,nan
7,1,15,0.0,nan
7,1,16,0.0,nan
7,1,17,0.0,nan
7,1,18,0.0,nan
7,1,19,0.0,nan
7,1,20,0.0,nan
7,1,21,0.0,nan
7,1,22,0.0,nan
7,1,23,0.0,nan
7,1,24,0.0,nan
7,1,25,0.0,nan
7,1,26,0.0,nan
7,1,27,0.0,nan
7,1,28,0.0,nan
7,1,29,0.0,nan
7,1,30,0.0,nan
7,1,31,0.0,nan
7,1,32,0.0,nan
7,1,33,0.0,nan
7,1,34,0.0,nan
7,1,35,0.0,nan
7,1,36,0.0,nan
7,1,37,0.0,nan
7,1,38,0.0,nan
7,1,39,0.0,nan
7,1,40,0.0,nan
7,2,0,0.0,nan
7,2,1,0.0,nan
7,2,2,0.0,nan
7,2,3,0.0,nan
7,2,4,0.0,nan
7,2,5,0.0,nan
7,2,6,0.0,nan
7,2,7,0.0,nan
7,2,8,0.0,nan
7,2,9,0.0,nan
7,2,10,0.0,nan
7,2,11,0.0,nan
7,2,12,0.0,nan
7,2,13,0.0,nan
7,2,14,0.0,nan
7,2,15,0.0,nan
7,2,16,0.0,nan
7,2,17,0.0,nan
7,2,18,0.0,nan
7,2,19,0.0,nan
7,2,20,0.0,nan
7,2,21,0.0,nan
7,2,22,0.0,nan
7,2,23,0.0,nan
7,2,24,0.0,nan
7,2,25,0.0,nan
7,2,26,0.0,nan
7,2,27,0.0,nan
7,2,28,0.0,nan
7,2,29,0.0,nan
7,2,30,0.0,nan
7,2,31,0.0,nan
7,2,32,0.0,nan
7,2,33,0.0,nan
7,2,34,0.0,nan
7,2,35,0.0,nan
7,2,36,0.0,nan
7,2,37,0.0,nan
7,2,38,0.0,nan
7,2,39,0.0,nan
7,2,40,0.0,nan
7,3,0,0.0,nan
7,3,1,0.0,nan
7,3,2,0.0,nan
7,3,3,0.0,nan
7,3,4,0.0,nan
7,3,5,0.0,nan
7,3,6,0.0,nan
7,3,7,0.0,nan
7,3,8,0.0,nan
7,3,9,0.0,nan
7,3,10,0.0,nan
7,3,11,0.0,nan
7,3,12,0.0,nan
7,3,13,0.0,nan
7,3,14,0.0,nan
7,3,15,0.0,nan
7,3,16,0.0,nan
7,3,17,0.0,nan
7,3,18,0.0,nan
7,3,19,0.0,nan
7,3,20,0.0,nan
7,3,21,0.0,nan
7,3,22,0.0,nan
7,3,23,0.0,nan
7,3,24,0.0,nan
7,3,25,0.0,nan
7,3,26,0.0,nan
7,3,27,0.0,nan
7,3,28,0.0,nan
7,3,29,0.0,nan
7,3,30,0.0,nan
7,3,31,0.0,nan
7,3,32,0.0,nan
7,3,33,0.0,nan
7,3,34,0.0,nan
7,3,35,0.0,nan
7,3,36,0.0,nan
7,3,37,0.0,nan
7,3,38,0.0,nan
7,3,39,0.0,nan
7,3,40,0.0,nan
7,4,0,0.0,nan
7,4,1,0.0,nan
7,4,2,0.0,nan
7,4,3,0.0,nan
7,4,4,0.0,nan
7,4,5,0.0,nan
7,4,6,0.0,nan
7,4,7,0.0,nan
7,4,8,0.0,nan
7,4,9,0.0,nan
7,4,10,0.0,nan
7,4,11,0.0,nan
7,4,12,0.0,nan
7,4,13,0.0,nan
7,4,14,0.0,nan
7,4,15,0.0,nan
7,4,16,0.0,nan
7,4,17,0.0,nan
7,4,18,0.0,nan
7,4,19,0.0,nan
7,4,20,0.0,nan
7,4,21,0.0,nan
7,4,22,0.0,nan
7,4,23,0.0,nan
7,4,24,0.0,nan
7,4,25,0.0,nan
7,4,26,0.0,nan
7,4,27,0.0,nan
7,4,28,0.0,nan
7,4,29,0.0,nan
7,4,30,0.0,nan
7,4,31,0.0,nan
7,4,32,0.0,nan
7,4,33,0.0,nan
7,4,34,0.0,nan
7,4,35,0.0,nan
7,4,36,0.0,nan
7,4,37,0.0,nan
7,4,38,0.0,nan
7,4,39,0.0,nan
7,4,40,0.0,nan
7,5,0,0.0,nan
7,5,1,0.0,nan
7,5,2,0.0,nan
7,5,3,0.0,nan
7,5,4,0.0,nan
7,5,5,0.0,nan
7,5,6,0.0,nan
7,5,7,0.0,nan
7,5,8,0.0,nan
7,5,9,0.0,nan
7,5,10,0.0,nan
7,5,11,0.0,nan
7,5,12,0.0,nan
7,5,13,0.0,nan
7,5,14,0.0,nan
7,5,15,0.0,nan
7,5,16,0.0,nan
7,5,17,0.0,nan
7,5,18,0.0,nan
7,5,19,0.0,nan
7,5,20,0.0,nan
7,5,21,0.0,nan
7,5,22,0.0,nan
7,5,23,0.0,nan
7,5,24,0.0,nan
7,5,25,0.0,nan
7,5,26,0.0,nan
7,5,27,0.0,nan
7,5,28,0.0,nan
7,5,29,0.0,nan
7,5,30,0.0,nan
7,5,31,0.0,nan
7,5,32,0.0,nan
7,5,33,0.0,nan
7,5,34,0.0,nan
7,5,35,0.0,nan
7,5,36,0.0,nan
7,5,37,0.0,nan
7,5,38,0.0,nan
7,5,39,0.0,nan
7,5,40,0.0,nan
7,6,0,0.0,nan
7,6,1,0.0,nan
7,6,2,0.0,nan
7,6,3,0.0,nan
7,6,4,0.0,nan
7,6,5,0.0,nan
7,6,6,0.0,nan
7,6,7,0.0,nan
7,6,8,0.0,nan
7,6,9,0.0,nan
7,6,10,0.0,nan
7,6,11,0.0,nan
7,6,12,0.0,nan
7,6,13,0.0,nan
7,6,14,0.0,nan
7,6,15,0.0,nan
7,6,16,0.0,nan
7,6,17,0.0,nan
7,6,18,0.0,nan
7,6,19,0.0,nan
7,6,20,0.0,nan
7,6,21,0.0,nan
7,6,22,0.0,nan
7,6,23,0.0,nan
7,6,24,0.0,nan
7,6,25,0.0,nan
7,6,26,0.0,nan
7,6,27,0.0,nan
7,6,28,0.0,nan
7,6,29,0.0,nan
7,6,30,0.0,nan
7,6,31,0.0,nan
7,6,32,0.0,nan
7,6,33,0.0,nan
7,6,34,0.0,nan
7,6,35,0.0,nan
7,6,36,0.0,nan
7,6,37,0.0,nan
7,6,38,0.0,nan
7,6,39,0.0,nan
7,6,40,0.0,nan
7,7,0,0.0,nan
7,7,1,0.0,nan
7,7,2,0.0,nan
7,7,3,0.0,nan
7,7,4,0.0,nan
7,7,5,0.0,nan
7,7,6,0.0,nan
7,7,7,1.0,0.0
7,7,8,1.0,1.0
7,7,9,1.0,2.0
7,7,10,1.0,3.0
7,7,11,1.0,4.0
7,7,12,1.0,5.0
7,7,13,1.0,6.0
7,7,14,1.0,7.0
7,7,15,1.0,8.0
7,7,16,1.0,9.0
7,7,17,1.0,10.0
7,7,18,1.0,11.0
7,7,19,1.0,12.0
7,7,20,1.0,13.0
7,7,21,1.0,14.0
7,7,22,1.0,15.0
7,7,23,1.0,16.0
7,7,24,1.0,17.0
7,7,25,1.0,18.0
7,7,26,1.0,19.0
7,7,27,1.0,20.0
7,7,28,1.0,21.0
7,7,29,1.0,22.0
7,7,30,1.0,23.0
7,7,31,1.0,24.0
7,7,32,1.0,25.0
7,7,33,1.0,26.0
7,7,34,1.0,27.0
7,7,35,1.0,28.0
7,7,36,1.0,29.0
7,7,37,1.0,30.0
7,7,38,1.0,31.0
7,7,39,1.0,32.0
7,7,40,1.0,33.0
7,8,0,0.0,nan
7,8,1,0.0,nan
7,8,2,0.0,nan
7,8,3,0.0,nan
7,8,4,0.0,nan
7,8,5,0.0,nan
7,8,6,0.0,nan
7,8,7,1.0,0.0
7,8,8,0.0,nan
7,8,9,0.0,nan
7,8,10,0.0,nan
7,8,11,0.0,nan
7,8,12,0.0,nan
7,8,13,0.0,nan
7,8,14,0.0,nan
7,8,15,0.0,nan
7,8,16,0.0,nan
7,8,17,0.0,nan
7,8,18,0.0,nan
7,8,19,0.0,nan
7,8,20,0.0,nan
7,8,21,0.0,nan
7,8,22,0.0,nan
7,8,23,0.0,nan
7,8,24,0.0,nan
7,8,25,0.0,nan
7,8,26,0.0,nan
7,8,27,0.0,nan
7,8,28,0.0,nan
7,8,29,0.0,nan
7,8,30,0.0,nan
7,8,31,0.0,nan
7,8,32,0.0,nan
7,8,33,0.0,nan
7,8,34,0.0,nan
7,8,35,0.0,nan
7,8,36,0.0,nan
7,8,37,0.0,nan
7,8,38,0.0,nan
7,8,39,0.0,nan
7,8,40,0.0,nan
7,9,0,0.0,nan
7,9,1,0.0,nan
7,9,2,0.0,nan
7,9,3,0.0,nan
7,9,4,0.0,nan
7,9,5,0.0,nan
7,9,6,0.0,nan
7,9,7,1.0,0.0
7,9,8,0.0,nan
7,9,9,0.0,nan
7,9,10,0.0,nan
7,9,11,0.0,nan
7,9,12,0.0,nan
7,9,13,0.0,nan
7,9,14,0.0,nan
7,9,15,0.0,nan
7,9,16,0.0,nan
7,9,17,0.0,nan
7,9,18,0.0,nan
7,9,19,0.0,nan
7,9,20,0.0,nan
7,9,21,0.0,nan
7,9,22,0.0,nan
7,9,23,0.0,nan
7,9,24,0.0,nan
7,9,25,0.0,nan
7,9,26,0.0,nan
7,9,27,0.0,nan
7,9,28,0.0,nan
7,9,29,0.0,nan
7,9,30,0.0,nan
7,9,31,0.0,nan
7,9,32,0.0,nan
7,9,33,0.0,nan
7,9,34,0.0,nan
7,9,35,0.0,nan
7,9,36,0.0,nan
7,9,37,0.0,nan
7,9,38,0.0,nan
7,9,39,0.0,nan
7,9,40,0.0,nan
7,10,0,0.0,nan
7,10,1,0.0,nan
7,10,2,0.0,nan
7,10,3,0.0,nan
7,10,4,0.0,nan
7,10,5,0.0,nan
7,10,6,0.0,nan
7,10,7,1.0,0.0
7,10,8,0.0,nan
7,10,9,0.0,nan
7,10,10,0.0,nan
7,10,11,0.0,nan
7,10,12,0.0,nan
7,10,13,0.0,nan
7,10,14,0.0,nan
7,10,15,0.0,nan
7,10,16,0.0,nan
7,10,17,0.0,nan
7,10,18,0.0,nan
7,10,19,0.0,nan
7,10,20,0.0,nan
7,10,21,0.0,nan
7,10,22,0.0,nan
7,10,23,0.0,nan
7,10,24,0.0,nan
7,10,25,0.0,nan
7,10,26,0.0,nan
7,10,27,0.0,nan
7,10,28,0.0,nan
7,10,29,0.0,nan
7,10,30,0.0,nan
7,10,31,0.0,nan
7,10,32,0.0,nan
7,10,33,0.0,nan
7,10,34,0.0,nan
7,10,35,0.0,nan
7,10,36,0.0,nan
7,10,37,0.0,nan
7,10,38,0.0,nan
7,10,39,0.0,nan
7,10,40,0.0,nan
8,0,0,0.0,nan
8,0,1,0.0,nan
8,0,2,0.0,nan
8,0,3,0.0,nan
8,0,4,0.0,nan
8,0,5,0.0,nan
8,0,6,0.0,nan
8,0,7,0.0,nan
8,0,8,0.0,nan
8,0,9,0.0,nan
8,0,10,0.0,nan
8,0,11,0.0,nan
8,0,12,0.0,nan
8,0,13,0.0,nan
8,0,14,0.0,nan
8,0,15,0.0,nan
8,0,16,0.0,nan
8,0,17,0.0,nan
8,0,18,0.0,nan
8,0,19,0.0,nan
8,0,20,0.0,nan
8,0,21,0.0,nan
8,0,22,0.0,nan
8,0,23,0.0,nan
8,0,24,0.0,nan
8,0,25,0.0,nan
8,0,26,0.0,nan
8,0,27,0.0,nan
8,0,28,0.0,nan
8,0,29,0.0,nan
8,0,30,0.0,nan
8,0,31,0.0,nan
8,0,32,0.0,nan
8,0,33,0.0,nan
8,0,34,0.0,nan
8,0,35,0.0,nan
8,0,36,0.0,nan
8,0,37,0.0,nan
8,0,38,0.0,nan
8,0,39,0.0,nan
8,0,40,0.0,nan
8,1,0,0.0,nan
8,1,1,0.0,nan
8,1,2,0.0,nan
8,1,3,0.0,nan
8,1,4,0.0,nan
8,1,5,0.0,nan
8,1,6,0.0,nan
8,1,7,0.0,nan
8,1,8,0.0,nan
8,1,9,0.0,nan
8,1,10,0.0,nan
8,1,11,0.0,nan
8,1,12,0.0,nan
8,1,13,0.0,nan
8,1,14,0.0,nan
8,1,15,0.0,nan
8,1,16,0.0,nan
8,1,17,0.0,nan
8,1,18,0.0,nan
8,1,19,0.0,nan
8,1,20,0.0,nan
8,1,21,0.0,nan
8,1,22,0.0,nan
8,1,23,0.0,nan
8,1,24,0.0,nan
8,1,25,0.0,nan
8,1,26,0.0,nan
8,1,27,0.0,nan
8,1,28,0.0,nan
8,1,29,0.0,nan
8,1,30,0.0,nan
8,1,31,0.0,nan
8,1,32,0.0,nan
8,1,33,0.0,nan
8,1,34,0.0,nan
8,1,35,0.0,nan
8,1,36,0.0,nan
8,1,37,0.0,nan
8,1,38,0.0,nan
8,1,39,0.0,nan
8,1,40,0.0,nan
8,2,0,0.0,nan
8,2,1,0.0,nan
8,2,2,0.0,nan
8,2,3,0.0,nan
8,2,4,0.0,nan
8,2,5,0.0,nan
8,2,6,0.0,nan
8,2,7,0.0,nan
8,2,8,0.0,nan
8,2,9,0.0,nan
8,2,10,0.0,nan
8,2,11,0.0,nan
8,2,12,0.0,nan
8,2,13,0.0,nan
8,2,14,0.0,nan
8,2,15,0.0,nan
8,2,16,0.0,nan
8,2,17,0.0,nan
8,2,18,0.0,nan
8,2,19,0.0,nan
8,2,20,0.0,nan
8,2,21,0.0,nan
8,2,22,0.0,nan
8,2,23,0.0,nan
8,2,24,0.0,nan
8,2,25,0.0,nan
8,2,26,0.0,nan
8,2,27,0.0,nan
8,2,28,0.0,nan
8,2,29,0.0,nan
8,2,30,0.0,nan
8,2,31,0.0,nan
8,2,32,0.0,nan
8,2,33,0.0,nan
8,2,34,0.0,nan
8,2,35,0.0,nan
8,2,36,0.0,nan
8,2,37,0.0,nan
8,2,38,0.0,nan
8,2,39,0.0,nan
8,2,40,0.0,nan
8,3,0,0.0,nan
8,3,1,0.0,nan
8,3,2,0.0,nan
8,3,3,0.0,nan
8,3,4,0.0,nan
8,3,5,0.0,nan
8,3,6,0.0,nan
8,3,7,0.0,nan
8,3,8,0.0,nan
8,3,9,0.0,nan
8,3,10,0.0,nan
8,3,11,0.0,nan
8,3,12,0.0,nan
8,3,13,0.0,nan
8,3,14,0.0,nan
8,3,15,0.0,nan
8,3,16,0.0,nan
8,3,17,0.0,nan
8,3,18,0.0,nan
8,3,19,0.0,nan
8,3,20,0.0,nan
8,3,21,0.0,nan
8,3,22,0.0,nan
8,3,23,0.0,nan
8,3,24,0.0,nan
8,3,25,0.0,nan
8,3,26,0.0,nan
8,3,27,0.0,nan
8,3,28,0.0,nan
8,3,29,0.0,nan
8,3,30,0.0,nan
8,3,31,0.0,nan
8,3,32,0.0,nan
8,3,33,0.0,nan
8,3,34,0.0,nan
8,3,35,0.0,nan
8,3,36,0.0,nan
8,3,37,0.0,nan
8,3,38,0.0,nan
8,3,39,0.0,nan
8,3,40,0.0,nan
8,4,0,0.0,nan
8,4,1,0.0,nan
8,4,2,0.0,nan
8,4,3,0.0,nan
8,4,4,0.0,nan
8,4,5,0.0,nan
8,4,6,0.0,nan
8,4,7,0.0,nan
8,4,8,0.0,nan
8,4,9,0.0,nan
8,4,10,0.0,nan
8,4,11,0.0,nan
8,4,12,0.0,nan
8,4,13,0.0,nan
8,4,14,0.0,nan
8,4,15,0.0,nan
8,4,16,0.0,nan
8,4,17,0.0,nan
8,4,18,0.0,nan
8,4,19,0.0,nan
8,4,20,0.0,nan
8,4,21,0.0,nan
8,4,22,0.0,nan
8,4,23,0.0,nan
8,4,24,0.0,nan
8,4,25,0.0,nan
8,4,26,0.0,nan
8,4,27,0.0,nan
8,4,28,0.0,nan
8,4,29,0.0,nan
8,4,30,0.0,nan
8,4,31,0.0,nan
8,4,32,0.0,nan
8,4,33,0.0,nan
8,4,34,0.0,nan
8,4,35,0.0,nan
8,4,36,0.0,nan
8,4,37,0.0,nan
8,4,38,0.0,nan
8,4,39,0.0,nan
8,4,40,0.0,nan
8,5,0,0.0,nan
8,5,1,0.0,nan
8,5,2,0.0,nan
8,5,3,0.0,nan
8,5,4,0.0,nan
8,5,5,0.0,nan
8,5,6,0.0,nan
8,5,7,0.0,nan
8,5,8,0.0,nan
8,5,9,0.0,nan
8,5,10,0.0,nan
8,5,11,0.0,nan
8,5,12,0.0,nan
8,5,13,0.0,nan
8,5,14,0.0,nan
8,5,15,0.0,nan
8,5,16,0.0,nan
8,5,17,0.0,nan
8,5,18,0.0,nan
8,5,19,0.0,nan
8,5,20,0.0,nan
8,5,21,0.0,nan
8,5,22,0.0,nan
8,5,23,0.0,nan
8,5,24,0.0,nan
8,5,25,0.0,nan
8,5,26,0.0,nan
8,5,27,0.0,nan
8,5,28,0.0,nan
8,5,29,0.0,nan
8,5,30,0.0,nan
8,5,31,0.0,nan
8,5,32,0.0,nan
8,5,33,0.0,nan
8,5,34,0.0,nan
8,5,35,0.0,nan
8,5,36,0.0,nan
8,5,37,0.0,nan
8,5,38,0.0,nan
8,5,39,0.0,nan
8,5,40,0.0,nan
8,6,0,0.0,nan
8,6,1,0.0,nan
8,6,2,0.0,nan
8,6,3,0.0,nan
8,6,4,0.0,nan
8,6,5,0.0,nan
8,6,6,0.0,nan
8,6,7,0.0,nan
8,6,8,0.0,nan
8,6,9,0.0,nan
8,6,10,0.0,nan
8,6,11,0.0,nan
8,6,12,0.0,nan
8,6,13,0.0,nan
8,6,14,0.0,nan
8,6,15,0.0,nan
8,6,16,0.0,nan
8,6,17,0.0,nan
8,6,18,0.0,nan
8,6,19,0.0,nan
8,6,20,0.0,nan
8,6,21,0.0,nan
8,6,22,0.0,nan
8,6,23,0.0,nan
8,6,24,0.0,nan
8,6,25,0.0,nan
8,6,26,0.0,nan
8,6,27,0.0,nan
8,6,28,0.0,nan
8,6,29,0.0,nan
8,6,30,0.0,nan
8,6,31,0.0,nan
8,6,32,0.0,nan
8,6,33,0.0,nan
8,6,34,0.0,nan
8,6,35,0.0,nan
8,6,36,0.0,nan
8,6,37,0.0,nan
8,6,38,0.0,nan
8,6,39,0.0,nan
8,6,40,0.0,nan
8,7,0,0.0,nan
8,7,1,0.0,nan
8,7,2,0.0,nan
8,7,3,0.0,nan
8,7,4,0.0,nan
8,7,5,0.0,nan
8,7,6,0.0,nan
8,7,7,0.0,nan
8,7,8,0.0,nan
8,7,9,0.0,nan
8,7,10,0.0,nan
8,7,11,0.0,nan
8,7,12,0.0,nan
8,7,13,0.0,nan
8,7,14,0.0,nan
8,7,15,0.0,nan
8,7,16,0.0,nan
8,7,17,0.0,nan
8,7,18,0.0,nan
8,7,19,0.0,nan
8,7,20,0.0,nan
8,7,21,0.0,nan
8,7,22,0.0,nan
8,7,23,0.0,nan
8,7,24,0.0,nan
8,7,25,0.0,nan
8,7,26,0.0,nan
8,7,27,0.0,nan
8,7,28,0.0,nan
8,7,29,0.0,nan
8,7,30,0.0,nan
8,7,31,0.0,nan
8,7,32,0.0,nan
8,7,33,0.0,nan
8,7,34,0.0,nan
8,7,35,0.0,nan
8,7,36,0.0,nan
8,7,37,0.0,nan
8,7,38,0.0,nan
8,7,39,0.0,nan
8,7,40,0.0,nan
8,8,0,0.0,nan
8,8,1,0.0,nan
8,8,2,0.0,nan
8,8,3,0.0,nan
8,8,4,0.0,nan
8,8,5,0.0,nan
8,8,6,0.0,nan
8,8,7,0.0,nan
8,8,8,1.0,0.0
8,8,9,1.0,1.0
8,8,10,1.0,2.0
8,8,11,1.0,3.0
8,8,12,1.0,4.0
8,8,13,1.0,5.0
8,8,14,1.0,6.0
8,8,15,1.0,7.0
8,8,16,1.0,8.0
8,8,17,1.0,9.0
8,8,18,1.0,10.0
8,8,19,1.0,11.0
8,8,20,1.0,12.0
8,8,21,1.0,13.0
8,8,22,1.0,14.0
8,8,23,1.0,15.0
8,8,24,1.0,16.0
8,8,25,1.0,17.0
8,8,26,1.0,18.0
8,8,27,1.0,19.0
8,8,28,1.0,20.0
8,8,29,1.0,21.0
8,8,30,1.0,22.0
8,8,31,1.0,23.0
8,8,32,1.0,24.0
8,8,33,1.0,25.0
8,8,34,1.0,26.0
8,8,35,1.0,27.0
8,8,36,1.0,28.0
8,8,37,1.0,29.0
8,8,38,1.0,30.0
8,8,39,1.0,31.0
8,8,40,1.0,32.0
8,9,0,0.0,nan
8,9,1,0.0,nan
8,9,2,0.0,nan
8,9,3,0.0,nan
8,9,4,0.0,nan
8,9,5,0.0,nan
8,9,6,0.0,nan
8,9,7,0.0,nan
8,9,8,1.0,0.0
8,9,9,0.0,nan
8,9,10,0.0,nan
8,9,11,0.0,nan
8,9,12,0.0,nan
8,9,13,0.0,nan
8,9,14,0.0,nan
8,9,15,0.0,nan
8,9,16,0.0,nan
8,9,17,0.0,nan
8,9,18,0.0,nan
8,9,19,0.0,nan
8,9,20,0.0,nan
8,9,21,0.0,nan
8,9,22,0.0,nan
8,9,23,0.0,nan
8,9,24,0.0,nan
8,9,25,0.0,nan
8,9,26,0.0,nan
8,9,27,0.0,nan
8,9,28,0.0,nan
8,9,29,0.0,nan
8,9,30,0.0,nan
8,9,31,0.0,nan
8,9,32,0.0,nan
8,9,33,0.0,nan
8,9,34,0.0,nan
8,9,35,0.0,nan
8,9,36,0.0,nan
8,9,37,0.0,nan
8,9,38,0.0,nan
8,9,39,0.0,nan
8,9,40,0.0,nan
8,10,0,0.0,nan
8,10,1,0.0,nan
8,10,2,0.0,nan
8,10,3,0.0,nan
8,10,4,0.0,nan
8,10,5,0.0,nan
8,10,6,0.0,nan
8,10,7,0.0,nan
8,10,8,1.0,0.0
8,10,9,0.0,nan
8,10,10,0.0,nan
8,10,11,0.0,nan
8,10,12,0.0,nan
8,10,13,0.0,nan
8,10,14,0.0,nan
8,10,15,0.0,nan
8,10,16,0.0,nan
8,10,17,0.0,nan
8,10,18,0.0,nan
8,10,19,0.0,nan
8,10,20,0.0,nan
8,10,21,0.0,nan
8,10,22,0.0,nan
8,10,23,0.0,nan
8,10,24,0.0,nan
8,10,25,0.0,nan
8,10,26,0.0,nan
8,10,27,0.0,nan
8,10,28,0.0,nan
8,10,29,0.0,nan
8,10,30,0.0,nan
8,10,31,0.0,nan
8,10,32,0.0,nan
8,10,33,0.0,nan
8,10,34,0.0,nan
8,10,35,0.0,nan
8,10,36,0.0,nan
8,10,37,0.0,nan
8,10,38,0.0,nan
8,10,39,0.0,nan
8,10,40,0.0,nan
9,0,0,0.0,nan
9,0,1,0.0,nan
9,0,2,0.0,nan
9,0,3,0.0,nan
9,0,4,0.0,nan
9,0,5,0.0,nan
9,0,6,0.0,nan
9,0,7,0.0,nan
9,0,8,0.0,nan
9,0,9,0.0,nan
9,0,10,0.0,nan
9,0,11,0.0,nan
9,0,12,0.0,nan
9,0,13,0.0,nan
9,0,14,0.0,nan
9,0,15,0.0,nan
9,0,16,0.0,nan
9,0,17,0.0,nan
9,0,18,0.0,nan
9,0,19,0.0,nan
9,0,20,0.0,nan
9,0,21,0.0,nan
9,0,22,0.0,nan
9,0,23,0.0,nan
9,0,24,0.0,nan
9,0,25,0.0,nan
9,0,26,0.0,nan
9,0,27,0.0,nan
9,0,28,0.0,nan
9,0,29,0.0,nan
9,0,30,0.0,nan
9,0,31,0.0,nan
9,0,32,0.0,nan
9,0,33,0.0,nan
9,0,34,0.0,nan
9,0,35,0.0,nan
9,0,36,0.0,nan
9,0,37,0.0,nan
9,0,38,0.0,nan
9,0,39,0.0,nan
9,0,40,0.0,nan
9,1,0,0.0,nan
9,1,1,0.0,nan
9,1,2,0.0,nan
9,1,3,0.0,nan
9,1,4,0.0,nan
9,1,5,0.0,nan
9,1,6,0.0,nan
9,1,7,0.0,nan
9,1,8,0.0,nan
9,1,9,0.0,nan
9,1,10,0.0,nan
9,1,11,0.0,nan
9,1,12,0.0,nan
9,1,13,0.0,nan
9,1,14,0.0,nan
9,1,15,0.0,nan
9,1,16,0.0,nan
9,1,17,0.0,nan
9,1,18,0.0,nan
9,1,19,0.0,nan
9,1,20,0.0,nan
9,1,21,0.0,nan
9,1,22,0.0,nan
9,1,23,0.0,nan
9,1,24,0.0,nan
9,1,25,0.0,nan
9,1,26,0.0,nan
9,1,27,0.0,nan
9,1,28,0.0,nan
9,1,29,0.0,nan
9,1,30,0.0,nan
9,1,31,0.0,nan
9,1,32,0.0,nan
9,1,33,0.0,nan
9,1,34,0.0,nan
9,1,35,0.0,nan
9,1,36,0.0,nan
9,1,37,0.0,nan
9,1,38,0.0,nan
9,1,39,0.0,nan
9,1,40,0.0,nan
9,2,0,0.0,nan
9,2,1,0.0,nan
9,2,2,0.0,nan
9,2,3,0.0,nan
9,2,4,0.0,nan
9,2,5,0.0,nan
9,2,6,0.0,nan
9,2,7,0.0,nan
9,2,8,0.0,nan
9,2,9,0.0,nan
9,2,10,0.0,nan
9,2,11,0.0,nan
9,2,12,0.0,nan
9,2,13,0.0,nan
9,2,14,0.0,nan
9,2,15,0.0,nan
9,2,16,0.0,nan
9,2,17,0.0,nan
9,2,18,0.0,nan
9,2,19,0.0,nan
9,2,20,0.0,nan
9,2,21,0.0,nan
9,2,22,0.0,nan
9,2,23,0.0,nan
9,2,24,0.0,nan
9,2,25,0.0,nan
9,2,26,0.0,nan
9,2,27,0.0,nan
9,2,28,0.0,nan
9,2,29,0.0,nan
9,2,30,0.0,nan
9,2,31,0.0,nan
9,2,32,0.0,nan
9,2,33,0.0,nan
9,2,34,0.0,nan
9,2,35,0.0,nan
9,2,36,0.0,nan
9,2,37,0.0,nan
9,2,38,0.0,nan
9,2,39,0.0,nan
9,2,40,0.0,nan
9,3,0,0.0,nan
9,3,1,0.0,nan
9,3,2,0.0,nan
9,3,3,0.0,nan
9,3,4,0.0,nan
9,3,5,0.0,nan
9,3,6,0.0,nan
9,3,7,0.0,nan
9,3,8,0.0,nan
9,3,9,0.0,nan
9,3,10,0.0,nan
9,3,11,0.0,nan
9,3,12,0.0,nan
9,3,13,0.0,nan
9,3,14,0.0,nan
9,3,15,0.0,nan
9,3,16,0.0,nan
9,3,17,0.0,nan
9,3,18,0.0,nan
9,3,19,0.0,nan
9,3,20,0.0,nan
9,3,21,0.0,nan
9,3,22,0.0,nan
9,3,23,0.0,nan
9,3,24,0.0,nan
9,3,25,0.0,nan
9,3,26,0.0,nan
9,3,27,0.0,nan
9,3,28,0.0,nan
9,3,29,0.0,nan
9,3,30,0.0,nan
9,3,31,0.0,nan
9,3,32,0.0,nan
9,3,33,0.0,nan
9,3,34,0.0,nan
9,3,35,0.0,nan
9,3,36,0.0,nan
9,3,37,0.0,nan
9,3,38,0.0,nan
9,3,39,0.0,nan
9,3,40,0.0,nan
9,4,0,0.0,nan
9,4,1,0.0,nan
9,4,2,0.0,nan
9,4,3,0.0,nan
9,4,4,0.0,nan
9,4,5,0.0,nan
9,4,6,0.0,nan
9,4,7,0.0,nan
9,4,8,0.0,nan
9,4,9,0.0,nan
9,4,10,0.0,nan
9,4,11,0.0,nan
9,4,12,0.0,nan
9,4,13,0.0,nan
9,4,14,0.0,nan
9,4,15,0.0,nan
9,4,16,0.0,nan
9,4,17,0.0,nan
9,4,18,0.0,nan
9,4,19,0.0,nan
9,4,20,0.0,nan
9,4,21,0.0,nan
9,4,22,0.0,nan
9,4,23,0.0,nan
9,4,24,0.0,nan
9,4,25,0.0,nan
9,4,26,0.0,nan
9,4,27,0.0,nan
9,4,28,0.0,nan
9,4,29,0.0,nan
9,4,30,0.0,nan
9,4,31,0.0,nan
9,4,32,0.0,nan
9,4,33,0.0,nan
9,4,34,0.0,nan
9,4,35,0.0,nan
9,4,36,0.0,nan
9,4,37,0.0,nan
9,4,38,0.0,nan
9,4,39,0.0,nan
9,4,40,0.0,nan
9,5,0,0.0,nan
9,5,1,0.0,nan
9,5,2,0.0,nan
9,5,3,0.0,nan
9,5,4,0.0,nan
9,5,5,0.0,nan
9,5,6,0.0,nan
9,5,7,0.0,nan
9,5,8,0.0,nan
9,5,9,0.0,nan
9,5,10,0.0,nan
9,5,11,0.0,nan
9,5,12,0.0,nan
9,5,13,0.0,nan
9,5,14,0.0,nan
9,5,15,0.0,nan
9,5,16,0.0,nan
9,5,17,0.0,nan
9,5,18,0.0,nan
9,5,19,0.0,nan
9,5,20,0.0,nan
9,5,21,0.0,nan
9,5,22,0.0,nan
9,5,23,0.0,nan
9,5,24,0.0,nan
9,5,25,0.0,nan
9,5,26,0.0,nan
9,5,27,0.0,nan
9,5,28,0.0,nan
9,5,29,0.0,nan
9,5,30,0.0,nan
9,5,31,0.0,nan
9,5,32,0.0,nan
9,5,33,0.0,nan
9,5,34,0.0,nan
9,5,35,0.0,nan
9,5,36,0.0,nan
9,5,37,0.0,nan
9,5,38,0.0,nan
9,5,39,0.0,nan
9,5,40,0.0,nan
9,6,0,0.0,nan
9,6,1,0.0,nan
9,6,2,0.0,nan
9,6,3,0.0,nan
9,6,4,0.0,nan
9,6,5,0.0,nan
9,6,6,0.0,nan
9,6,7,0.0,nan
9,6,8,0.0,nan
9,6,9,0.0,nan
9,6,10,0.0,nan
9,6,11,0.0,nan
9,6,12,0.0,nan
9,6,13,0.0,nan
9,6,14,0.0,nan
9,6,15,0.0,nan
9,6,16,0.0,nan
9,6,17,0.0,nan
9,6,18,0.0,nan
9,6,19,0.0,nan
9,6,20,0.0,nan
9,6,21,0.0,nan
9,6,22,0.0,nan
9,6,23,0.0,nan
9,6,24,0.0,nan
9,6,25,0.0,nan
9,6,26,0.0,nan
9,6,27,0.0,nan
9,6,28,0.0,nan
9,6,29,0.0,nan
9,6,30,0.0,nan
9,6,31,0.0,nan
9,6,32,0.0,nan
9,6,33,0.0,nan
9,6,34,0.0,nan
9,6,35,0.0,nan
9,6,36,0.0,nan
9,6,37,0.0,nan
9,6,38,0.0,nan
9,6,39,0.0,nan
9,6,40,0.0,nan
9,7,0,0.0,nan
9,7,1,0.0,nan
9,7,2,0.0,nan
9,7,3,0.0,nan
9,7,4,0.0,nan
9,7,5,0.0,nan
9,7,6,0.0,nan
9,7,7,0.0,nan
9,7,8,0.0,nan
9,7,9,0.0,nan
9,7,10,0.0,nan
9,7,11,0.0,nan
9,7,12,0.0,nan
9,7,13,0.0,nan
9,7,14,0.0,nan
9,7,15,0.0,nan
9,7,16,0.0,nan
9,7,17,0.0,nan
9,7,18,0.0,nan
9,7,19,0.0,nan
9,7,20,0.0,nan
9,7,21,0.0,nan
9,7,22,0.0,nan
9,7,23,0.0,nan
9,7,24,0.0,nan
9,7,25,0.0,nan
9,7,26,0.0,nan
9,7,27,0.0,nan
9,7,28,0.0,nan
9,7,29,0.0,nan
9,7,30,0.0,nan
9,7,31,0.0,nan
9,7,32,0.0,nan
9,7,33,0.0,nan
9,7,34,0.0,nan
9,7,35,0.0,nan
9,7,36,0.0,nan
9,7,37,0.0,nan
9,7,38,0.0,nan
9,7,39,0.0,nan
9,7,40,0.0,nan
9,8,0,0.0,nan
9,8,1,0.0,nan
9,8,2,0.0,nan
9,8,3,0.0,nan
9,8,4,0.0,nan
9,8,5,0.0,nan
9,8,6,0.0,nan
9,8,7,0.0,nan
9,8,8,0.0,nan
9,8,9,0.0,nan
9,8,10,0.0,nan
9,8,11,0.0,nan
9,8,12,0.0,nan
9,8,13,0.0,nan
9,8,14,0.0,nan
9,8,15,0.0,nan
9,8,16,0.0,nan
9,8,17,0.0,nan
9,8,18,0.0,nan
9,8,19,0.0,nan
9,8,20,0.0,nan
9,8,21,0.0,nan
9,8,22,0.0,nan
9,8,23,0.0,nan
9,8,24,0.0,nan
9,8,25,0.0,nan
9,8,26,0.0,nan
9,8,27,0.0,nan
9,8,28,0.0,nan
9,8,29,0.0,nan
9,8,30,0.0,nan
9,8,31,0.0,nan
9,8,32,0.0,nan
9,8,33,0.0,nan
9,8,34,0.0,nan
9,8,35,0.0,nan
9,8,36,0.0,nan
9,8,37,0.0,nan
9,8,38,0.0,nan
9,8,39,0.0,nan
9,8,40,0.0,nan
9,9,0,0.0,nan
9,9,1,0.0,nan
9,9,2,0.0,nan
9,9,3,0.0,nan
9,9,4,0.0,nan
9,9,5,0.0,nan
9,9,6,0.0,nan
9,9,7,0.0,nan
9,9,8,0.0,nan
9,9,9,1.0,0.0
9,9,10,1.0,1.0
9,9,11,1.0,2.0
9,9,12,1.0,3.0
9,9,13,1.0,4.0
9,9,14,1.0,5.0
9,9,15,1.0,6.0
9,9,16,1.0,7.0
9,9,17,1.0,8.0
9,9,18,1.0,9.0
9,9,19,1.0,10.0
9,9,20,1.0,11.0
9,9,21,1.0,12.0
9,9,22,1.0,13.0
9,9,23,1.0,14.0
9,9,24,1.0,15.0
9,9,25,1.0,16.0
9,9,26,1.0,17.0
9,9,27,1.0,18.0
9,9,28,1.0,19.0
9,9,29,1.0,20.0
9,9,30,1.0,21.0
9,9,31,1.0,22.0
9,9,32,1.0,23.0
9,9,33,1.0,24.0
9,9,34,1.0,25.0
9,9,35,1.0,26.0
9,9,36,1.0,27.0
9,9,37,1.0,28.0
9,9,38,1.0,29.0
9,9,39,1.0,30.0
9,9,40,1.0,31.0
9,10,0,0.0,nan
9,10,1,0.0,nan
9,10,2,0.0,nan
9,10,3,0.0,nan
9,10,4,0.0,nan
9,10,5,0.0,nan
9,10,6,0.0,nan
9,10,7,0.0,nan
9,10,8,0.0,nan
9,10,9,1.0,0.0
9,10,10,0.0,nan
9,10,11,0.0,nan
9,10,12,0.0,nan
9,10,13,0.0,nan
9,10,14,0.0,nan
9,10,15,0.0,nan
9,10,16,0.0,nan
9,10,17,0.0,nan
9,10,18,0.0,nan
9,10,19,0.0,nan
9,10,20,0.0,nan
9,10,21,0.0,nan
9,10,22,0.0,nan
9,10,23,0.0,nan
9,10,24,0.0,nan
9,10,25,0.0,nan
9,10,26,0.0,nan
9,10,27,0.0,nan
9,10,28,0.0,nan
9,10,29,0.0,nan
9,10,30,0.0,nan
9,10,31,0.0,nan
9,10,32,0.0,nan
9,10,33,0.0,nan
9,10,34,0.0,nan
9,10,35,0.0,nan
9,10,36,0.0,nan
9,10,37,0.0,nan
9,10,38,0.0,nan
9,10,39,0.0,nan
9,10,40,0.0,nan
10,0,0,0.0,nan
10,0,1,0.0,nan
10,0,2,0.0,nan
10,0,3,0.0,nan
10,0,4,0.0,nan
10,0,5,0.0,nan
10,0,6,0.0,nan
10,0,7,0.0,nan
10,0,8,0.0,nan
10,0,9,0.0,nan
10,0,10,0.0,nan
10,0,11,0.0,nan
10,0,12,0.0,nan
10,0,13,0.0,nan
10,0,14,0.0,nan
10,0,15,0.0,nan
10,0,16,0.0,nan
10,0,17,0.0,nan
10,0,18,0.0,nan
10,0,19,0.0,nan
10,0,20,0.0,nan
10,0,21,0.0,nan
10,0,22,0.0,nan
10,0,23,0.0,nan
10,0,24,0.0,nan
10,0,25,0.0,nan
10,0,26,0.0,nan
10,0,27,0.0,nan
10,0,28,0.0,nan
10,0,29,0.0,nan
10,0,30,0.0,nan
10,0,31,0.0,nan
10,0,32,0.0,nan
10,0,33,0.0,nan
10,0,34,0.0,nan
10,0,35,0.0,nan
10,0,36,0.0,nan
10,0,37,0.0,nan
10,0,38,0.0,nan
10,0,39,0.0,nan
10,0,40,0.0,nan
10,1,0,0.0,nan
10,1,1,0.0,nan
10,1,2,0.0,nan
10,1,3,0.0,nan
10,1,4,0.0,nan
10,1,5,0.0,nan
10,1,6,0.0,nan
10,1,7,0.0,nan
10,1,8,0.0,nan
10,1,9,0.0,nan
10,1,10,0.0,nan
10,1,11,0.0,nan
10,1,12,0.0,nan
10,1,13,0.0,nan
10,1,14,0.0,nan
10,1,15,0.0,nan
10,1,16,0.0,nan
10,1,17,0.0,nan
10,1,18,0.0,nan
10,1,19,0.0,nan
10,1,20,0.0,nan
10,1,21,0.0,nan
10,1,22,0.0,nan
10,1,23,0.0,nan
10,1,24,0.0,nan
10,1,25,0.0,nan
10,1,26,0.0,nan
10,1,27,0.0,nan
10,1,28,0.0,nan
10,1,29,0.0,nan
10,1,30,0.0,nan
10,1,31,0.0,nan
10,1,32,0.0,nan
10,1,33,0.0,nan
10,1,34,0.0,nan
10,1,35,0.0,nan
10,1,36,0.0,nan
10,1,37,0.0,nan
10,1,38,0.0,nan
10,1,39,0.0,nan
10,1,40,0.0,nan
10,2,0,0.0,nan
10,2,1,0.0,nan
10,2,2,0.0,nan
10,2,3,0.0,nan
10,2,4,0.0,nan
10,2,5,0.0,nan
10,2,6,0.0,nan
10,2,7,0.0,nan
10,2,8,0.0,nan
10,2,9,0.0,nan
10,2,10,0.0,nan
10,2,11,0.0,nan
10,2,12,0.0,nan
10,2,13,0.0,nan
10,2,14,0.0,nan
10,2,15,0.0,nan
10,2,16,0.0,nan
10,2,17,0.0,nan
10,2,18,0.0,nan
10,2,19,0.0,nan
10,2,20,0.0,nan
10,2,21,0.0,nan
10,2,22,0.0,nan
10,2,23,0.0,nan
10,2,24,0.0,nan
10,2,25,0.0,nan
10,2,26,0.0,nan
10,2,27,0.0,nan
10,2,28,0.0,nan
10,2,29,0.0,nan
10,2,30,0.0,nan
10,2,31,0.0,nan
10,2,32,0.0,nan
10,2,33,0.0,nan
10,2,34,0.0,nan
10,2,35,0.0,nan
10,2,36,0.0,nan
10,2,37,0.0,nan
10,2,38,0.0,nan
10,2,39,0.0,nan
10,2,40,0.0,nan
10,3,0,0.0,nan
10,3,1,0.0,nan
10,3,2,0.0,nan
10,3,3,0.0,nan
10,3,4,0.0,nan
10,3,5,0.0,nan
10,3,6,0.0,nan
10,3,7,0.0,nan
10,3,8,0.0,nan
10,3,9,0.0,nan
10,3,10,0.0,nan
10,3,11,0.0,nan
10,3,12,0.0,nan
10,3,13,0.0,nan
10,3,14,0.0,nan
10,3,15,0.0,nan
10,3,16,0.0,nan
10,3,17,0.0,nan
10,3,18,0.0,nan
10,3,19,0.0,nan
10,3,20,0.0,nan
10,3,21,0.0,nan
10,3,22,0.0,nan
10,3,23,0.0,nan
10,3,24,0.0,nan
10,3,25,0.0,nan
10,3,26,0.0,nan
10,3,27,0.0,nan
10,3,28,0.0,nan
10,3,29,0.0,nan
10,3,30,0.0,nan
10,3,31,0.0,nan
10,3,32,0.0,nan
10,3,33,0.0,nan
10,3,34,0.0,nan
10,3,35,0.0,nan
10,3,36,0.0,nan
10,3,37,0.0,nan
10,3,38,0.0,nan
10,3,39,0.0,nan
10,3,40,0.0,nan
10,4,0,0.0,nan
10,4,1,0.0,nan
10,4,2,0.0,nan
10,4,3,0.0,nan
10,4,4,0.0,nan
10,4,5,0.0,nan
10,4,6,0.0,nan
10,4,7,0.0,nan
10,4,8,0.0,nan
10,4,9,0.0,nan
10,4,10,0.0,nan
10,4,11,0.0,nan
10,4,12,0.0,nan
10,4,13,0.0,nan
10,4,14,0.0,nan
10,4,15,0.0,nan
10,4,16,0.0,nan
10,4,17,0.0,nan
10,4,18,0.0,nan
10,4,19,0.0,nan
10,4,20,0.0,nan
10,4,21,0.0,nan
10,4,22,0.0,nan
10,4,23,0.0,nan
10,4,24,0.0,nan
10,4,25,0.0,nan
10,4,26,0.0,nan
10,4,27,0.0,nan
10,4,28,0.0,nan
10,4,29,0.0,nan
10,4,30,0.0,nan
10,4,31,0.0,nan
10,4,32,0.0,nan
10,4,33,0.0,nan
10,4,34,0.0,nan
10,4,35,0.0,nan
10,4,36,0.0,nan
10,4,37,0.0,nan
10,4,38,0.0,nan
10,4,39,0.0,nan
10,4,40,0.0,nan
10,5,0,0.0,nan
10,5,1,0.0,nan
10,5,2,0.0,nan
10,5,3,0.0,nan
10,5,4,0.0,nan
10,5,5,0.0,nan
10,5,6,0.0,nan
10,5,7,0.0,nan
10,5,8,0.0,nan
10,5,9,0.0,nan
10,5,10,0.0,nan
10,5,11,0.0,nan
10,5,12,0.0,nan
10,5,13,0.0,nan
10,5,14,0.0,nan
10,5,15,0.0,nan
10,5,16,0.0,nan
10,5,17,0.0,nan
10,5,18,0.0,nan
10,5,19,0.0,nan
10,5,20,0.0,nan
10,5,21,0.0,nan
10,5,22,0.0,nan
10,5,23,0.0,nan
10,5,24,0.0,nan
10,5,25,0.0,nan
10,5,26,0.0,nan
10,5,27,0.0,nan
10,5,28,0.0,nan
10,5,29,0.0,nan
10,5,30,0.0,nan
10,5,31,0.0,nan
10,5,32,0.0,nan
10,5,33,0.0,nan
10,5,34,0.0,nan
10,5,35,0.0,nan
10,5,36,0.0,nan
10,5,37,0.0,nan
10,5,38,0.0,nan
10,5,39,0.0,nan
10,5,40,0.0,nan
10,6,0,0.0,nan
10,6,1,0.0,nan
10,6,2,0.0,nan
10,6,3,0.0,nan
10,6,4,0.0,nan
10,6,5,0.0,nan
10,6,6,0.0,nan
10,6,7,0.0,nan
10,6,8,0.0,nan
10,6,9,0.0,nan
10,6,10,0.0,nan
10,6,11,0.0,nan
10,6,12,0.0,nan
10,6,13,0.0,nan
10,6,14,0.0,nan
10,6,15,0.0,nan
10,6,16,0.0,nan
10,6,17,0.0,nan
10,6,18,0.0,nan
10,6,19,0.0,nan
10,6,20,0.0,nan
10,6,21,0.0,nan
10,6,22,0.0,nan
10,6,23,0.0,nan
10,6,24,0.0,nan
10,6,25,0.0,nan
10,6,26,0.0,nan
10,6,27,0.0,nan
10,6,28,0.0,nan
10,6,29,0.0,nan
10,6,30,0.0,nan
10,6,31,0.0,nan
10,6,32,0.0,nan
10,6,33,0.0,nan
10,6,34,0.0,nan
10,6,35,0.0,nan
10,6,36,0.0,nan
10,6,37,0.0,nan
10,6,38,0.0,nan
10,6,39,0.0,nan
10,6,40,0.0,nan
10,7,0,0.0,nan
10,7,1,0.0,nan
10,7,2,0.0,nan
10,7,3,0.0,nan
10,7,4,0.0,nan
10,7,5,0.0,nan
10,7,6,0.0,nan
10,7,7,0.0,nan
10,7,8,0.0,nan
10,7,9,0.0,nan
10,7,10,0.0,nan
10,7,11,0.0,nan
10,7,12,0.0,nan
10,7,13,0.0,nan
10,7,14,0.0,nan
10,7,15,0.0,nan
10,7,16,0.0,nan
10,7,17,0.0,nan
10,7,18,0.0,nan
10,7,19,0.0,nan
10,7,20,0.0,nan
10,7,21,0.0,nan
10,7,22,0.0,nan
10,7,23,0.0,nan
10,7,24,0.0,nan
10,7,25,0.0,nan
10,7,26,0.0,nan
10,7,27,0.0,nan
10,7,28,0.0,nan
10,7,29,0.0,nan
10,7,30,0.0,nan
10,7,31,0.0,nan
10,7,32,0.0,nan
10,7,33,0.0,nan
10,7,34,0.0,nan
10,7,35,0.0,nan
10,7,36,0.0,nan
10,7,37,0.0,nan
10,7,38,0.0,nan
10,7,39,0.0,nan
10,7,40,0.0,nan
10,8,0,0.0,nan
10,8,1,0.0,nan
10,8,2,0.0,nan
10,8,3,0.0,nan
10,8,4,0.0,nan
10,8,5,0.0,nan
10,8,6,0.0,nan
10,8,7,0.0,nan
10,8,8,0.0,nan
10,8,9,0.0,nan
10,8,10,0.0,nan
10,8,11,0.0,nan
10,8,12,0.0,nan
10,8,13,0.0,nan
10,8,14,0.0,nan
10,8,15,0.0,nan
10,8,16,0.0,nan
10,8,17,0.0,nan
10,8,18,0.0,nan
10,8,19,0.0,nan
10,8,20,0.0,nan
10,8,21,0.0,nan
10,8,22,0.0,nan
10,8,23,0.0,nan
10,8,24,0.0,nan
10,8,25,0.0,nan
10,8,26,0.0,nan
10,8,27,0.0,nan
10,8,28,0.0,nan
10,8,29,0.0,nan
10,8,30,0.0,nan
10,8,31,0.0,nan
10,8,32,0.0,nan
10,8,33,0.0,nan
10,8,34,0.0,nan
10,8,35,0.0,nan
10,8,36,0.0,nan
10,8,37,0.0,nan
10,8,38,0.0,nan
10,8,39,0.0,nan
10,8,40,0.0,nan
10,9,0,0.0,nan
10,9,1,0.0,nan
10,9,2,0.0,nan
10,9,3,0.0,nan
10,9,4,0.0,nan
10,9,5,0.0,nan
10,9,6,0.0,nan
10,9,7,0.0,nan
10,9,8,0.0,nan
10,9,9,0.0,nan
10,9,10,0.0,nan
10,9,11,0.0,nan
10,9,12,0.0,nan
10,9,13,0.0,nan
10,9,14,0.0,nan
10,9,15,0.0,nan
10,9,16,0.0,nan
10,9,17,0.0,nan
10,9,18,0.0,nan
10,9,19,0.0,nan
10,9,20,0.0,nan
10,9,21,0.0,nan
10,9,22,0.0,nan
10,9,23,0.0,nan
10,9,24,0.0,nan
10,9,25,0.0,nan
10,9,26,0.0,nan
10,9,27,0.0,nan
10,9,28,0.0,nan
10,9,29,0.0,nan
10,9,30,0.0,nan
10,9,31,0.0,nan
10,9,32,0.0,nan
10,9,33,0.0,nan
10,9,34,0.0,nan
10,9,35,0.0,nan
10,9,36,0.0,nan
10,9,37,0.0,nan
10,9,38,0.0,nan
10,9,39,0.0,nan
10,9,40,0.0,nan
10,10,0,0.0,nan
10,10,1,0.0,nan
10,10,2,0.0,nan
10,10,3,0.0,nan
10,10,4,0.0,nan
10,10,5,0.0,nan
10,10,6,0.0,nan
10,10,7,0.0,nan
10,10,8,0.0,nan
10,10,9,0.0,nan
10,10,10,1.0,0.0
10,10,11,1.0,1.0
10,10,12,1.0,2.0
10,10,13,1.0,3.0
10,10,14,1.0,4.0
10,10,15,1.0,5.0
10,10,16,1.0,6.0
10,10,17,1.0,7.0
10,10,18,1.0,8.0
10,10,19,1.0,9.0
10,10,20,1.0,10.0
10,10,21,1.0,11.0
10,10,22,1.0,12.0
10,10,23,1.0,13.0
10,10,24,1.0,14.0
10,10,25,1.0,15.0
10,10,26,1.0,16.0
10,10,27,1.0,17.0
10,10,28,1.0,18.0
10,10,29,1.0,19.0
10,10,30,1.0,20.0
10,10,31,1.0,21.0
10,10,32,1.0,22.0
10,10,33,1.0,23.0
10,10,34,1.0,24.0
10,10,35,1.0,25.0
10,10,36,1.0,26.0
10,10,37,1.0,27.0
10,10,38,1.0,28.0
10,10,39,1.0,29.0
10,10,40,1.0,30.0
